production,p_per_m2,panel_area,facade_area,total_panel_area,air_temp_mean,air_temp_std,cloud_opacity_mean,cloud_opacity_min,cloud_opacity_q1,cloud_opacity_q2,cloud_opacity_q3,cloud_opacity_max,dni_mean,dni_std,dni_q3,dni_max,ghi_mean,ghi_std,ghi_q3,ghi_max,gti_mean,gti_std,gti_q3,gti_max,relative_humidity_mean,relative_humidity_std,relative_humidity_min,relative_humidity_q1,stat_type
5.44,143.0,1.72,251.0,111.8,2.5052304964539003,1.2586562609651644,41.712739361702134,12.84,26.604999999999997,39.760000000000005,55.735,77.26,30.720212765957445,79.34914446546126,13.35,362.6,32.859219858156024,54.430354387104465,60.45,180.6,43.93661347517731,77.30520893239063,77.1,309.6,87.44267730496453,4.101878910668413,80.46,84.71000000000001,mean
2.6,143.0,1.72,251.0,111.8,2.642857142857143,0.8630205776304167,67.21071428571427,20.228571428571428,52.767857142857146,69.88571428571429,83.89999999999999,94.64285714285714,9.928571428571429,29.73030399904291,0.0,133.85714285714286,25.196428571428573,43.539021985077284,41.92857142857143,145.57142857142858,28.514880952380953,52.7126431259462,40.67857142857143,182.57142857142858,87.86934523809524,3.4207888413986827,81.41428571428571,84.85000000000001,mean
16.333333333333332,143.0,1.72,251.0,111.8,2.84375,1.8168376592590516,34.06875,1.8,16.429166666666667,33.641666666666666,48.44166666666666,76.73333333333333,70.55902777777777,135.75341020178465,101.91666666666667,493.6666666666667,46.711805555555564,78.83672793231915,69.5,248.66666666666666,71.37152777777777,122.65633706230052,108.70833333333333,418.3333333333333,81.21805555555555,6.63686958187806,69.25,76.50416666666666,mean
4.785714285714286,143.0,1.72,251.0,111.8,-1.2172619047619047,1.177125486144569,47.69255952380952,8.828571428571427,37.028571428571425,48.27857142857143,63.18214285714286,81.65714285714286,14.92559523809524,36.710350439228776,0.21428571428571427,133.0,31.64285714285714,51.53095517438988,54.42857142857143,160.28571428571428,36.05654761904762,60.76020722999295,57.857142857142854,198.42857142857142,80.98154761904762,3.3152857190325378,74.39999999999999,79.00357142857142,mean
9.157142857142857,143.0,1.72,251.0,111.8,2.979166666666667,1.3545500130186554,63.802976190476194,13.242857142857144,52.28214285714286,67.47142857142856,81.74285714285715,92.41428571428571,35.13690476190476,88.62459309188496,0.21428571428571427,354.57142857142856,43.33333333333333,72.2473695938985,74.39285714285714,247.57142857142858,54.842261904761905,98.97011521491221,77.82142857142857,368.57142857142856,85.01517857142858,4.9326509330828845,74.52857142857144,82.44285714285715,mean
22.0,143.0,1.72,251.0,111.8,3.2559523809523805,2.077681805165961,36.462202380952384,3.4857142857142853,20.657142857142855,32.15,56.375,79.72857142857143,118.50595238095237,180.02023829525163,273.17857142857144,476.2857142857143,69.50892857142858,107.62007104713258,135.14285714285714,320.7142857142857,107.51190476190474,165.7459265857072,213.53571428571428,486.14285714285717,77.26666666666667,9.362476603228531,61.800000000000004,68.76785714285714,mean
32.142857142857146,143.0,1.72,251.0,111.8,4.886904761904761,3.659769321448589,23.101785714285715,6.771428571428571,14.296428571428573,22.935714285714287,29.54285714285714,53.24285714285714,170.34226190476193,243.19547818338427,399.0357142857143,678.1428571428571,93.16071428571429,137.5563968132091,195.39285714285714,388.0,144.46726190476187,211.65823332980167,306.39285714285717,616.5714285714286,73.73095238095239,12.50102220562467,50.457142857142856,63.403571428571425,mean
33.542857142857144,143.0,1.72,251.0,111.8,7.208333333333334,4.050807763427642,22.988392857142856,1.9142857142857144,8.62142857142857,18.09285714285714,32.13214285714286,66.12857142857142,169.54464285714286,242.22271951483074,387.39285714285717,671.2857142857143,102.41964285714286,148.22905218392808,215.60714285714286,423.14285714285717,151.91369047619045,219.07622342369197,324.2857142857143,626.4285714285714,71.26517857142856,14.231469268995275,47.87142857142857,58.871428571428574,mean
37.65714285714285,143.0,1.72,251.0,111.8,8.673684210526316,4.149640766952745,17.85964598997494,0.0,6.160714285714286,17.535714285714285,26.696428571428573,48.728571428571435,208.0297932330827,269.889114275026,511.7142857142857,646.0,118.13079573934837,166.3871189688666,255.25,460.14285714285717,174.32559523809522,243.17640230813575,386.32142857142856,663.0,64.02002506265664,11.50871337350273,43.94285714285714,53.121428571428574,mean
14.385714285714286,143.0,1.72,251.0,111.8,9.38490038872692,1.8488867034321994,53.14535957240039,7.7,37.09285714285714,54.42142857142857,70.47500000000001,84.65714285714286,43.00291545189504,103.62060038076223,9.25,462.85714285714283,73.31401846452866,111.13589632158735,118.53571428571429,384.2857142857143,82.944120505345,133.51665998870814,127.96428571428571,494.57142857142856,69.17116132167153,9.212658965735375,54.54285714285714,61.68214285714286,mean
19.67142857142857,143.0,1.72,251.0,111.8,8.351190476190476,1.664366919785028,48.51994047619048,11.200000000000001,24.982142857142858,48.23571428571429,71.28571428571429,87.3,76.80654761904762,154.45319226105303,41.964285714285715,556.2857142857143,96.16369047619048,137.5957527970614,173.96428571428572,442.42857142857144,112.92857142857143,169.7692116165378,190.53571428571428,581.4285714285714,71.75446428571429,9.48069793596474,57.271428571428565,63.08571428571428,mean
38.1,143.0,1.72,251.0,111.8,7.342261904761905,4.26682209231308,9.866666666666665,0.0,0.0,2.2142857142857144,16.767857142857142,49.642857142857146,261.55357142857144,330.6857367546807,559.25,864.2857142857143,169.66666666666666,219.28031943046912,359.4642857142857,609.8571428571429,221.18154761904762,289.99150216578255,463.82142857142856,807.7142857142857,66.21071428571429,16.135517327030332,42.41428571428571,50.771428571428565,mean
39.957142857142856,143.0,1.72,251.0,111.8,8.9375,3.927757847495138,9.392559523809524,0.0,0.0,8.049999999999999,16.064285714285713,35.628571428571426,238.4345238095238,294.72815572680435,516.9285714285714,773.0,190.03571428571425,241.7695555219768,398.85714285714283,656.2857142857143,234.30654761904762,305.0318363000588,481.57142857142856,839.7142857142857,64.5860119047619,16.315795176637916,40.15714285714286,49.625,mean
22.97142857142857,143.0,1.72,251.0,111.8,9.205357142857142,3.583671226830286,36.37202380952381,10.157142857142857,26.657142857142862,36.65,45.21071428571429,63.57142857142857,136.11309523809524,190.15068672255077,254.78571428571428,543.2857142857143,142.55654761904762,181.57436100475886,285.4642857142857,518.7142857142857,166.44642857142858,218.37232067052858,322.0357142857143,632.5714285714286,71.48333333333333,13.185461340126693,51.614285714285714,58.917857142857144,mean
18.87142857142857,143.0,1.72,251.0,111.8,8.252976190476192,1.981361002145229,40.03422619047619,9.185714285714285,26.564285714285713,38.0,50.442857142857136,76.58571428571429,92.26190476190474,115.3931389468825,198.5,317.7142857142857,133.93154761904762,166.38824968683596,264.0357142857143,488.2857142857143,145.86607142857142,185.28898643356547,287.57142857142856,548.1428571428571,74.67470238095237,8.652500540628733,60.9,66.96785714285714,mean
32.18571428571429,143.0,1.72,251.0,111.8,12.026785714285714,4.634086198608729,14.384523809523811,0.0,0.3428571428571429,9.364285714285716,26.135714285714283,42.67142857142857,267.10714285714283,306.6726117531104,504.42857142857144,802.1428571428571,224.85714285714286,267.01976178675994,452.85714285714283,725.7142857142857,255.13392857142858,314.8767609123875,510.0,872.8571428571429,64.1360119047619,15.158455734810374,40.94285714285714,50.50714285714286,mean
25.25714285714286,143.0,1.72,251.0,111.8,13.625,4.294882638671887,29.235119047619044,0.0,11.403571428571427,27.400000000000002,44.38928571428572,74.52857142857144,142.42559523809524,224.97577810086224,239.5,678.4285714285714,186.14583333333331,236.15323629612342,354.42857142857144,685.1428571428571,202.8720238095238,267.7999835223713,373.67857142857144,800.7142857142857,64.1392857142857,12.6712675267448,43.75714285714286,53.43571428571429,mean
20.5,143.0,1.72,251.0,111.8,9.717258707994475,3.0486251976162,32.88237980154467,0.9142857142857144,9.685714285714287,32.94285714285714,56.489285714285714,73.68571428571428,144.27854201831107,208.76439008410122,209.64285714285714,633.1428571428571,179.15298322336452,221.50300595747822,320.85714285714283,685.4285714285714,188.49253362999335,243.52728255882445,330.39285714285717,781.7142857142857,77.7760565316352,13.024263190247423,57.6,65.19642857142857,mean
17.885714285714286,143.0,1.72,251.0,111.8,10.050595238095239,2.6794979064170197,37.263392857142854,0.0,16.589285714285715,35.35,55.878571428571426,82.14285714285714,86.44940476190477,153.69364243930548,128.35714285714286,602.8571428571429,159.82142857142858,188.71994853914796,276.57142857142856,621.5714285714286,163.4047619047619,200.2626686592796,275.42857142857144,685.8571428571429,75.54434523809525,12.482662977784326,55.885714285714286,64.58571428571427,mean
30.542857142857144,143.0,1.72,251.0,111.8,11.56547619047619,3.5876984691278495,11.913988095238096,1.9142857142857144,4.103571428571429,8.235714285714286,16.45,43.699999999999996,320.2797619047619,346.14455042432274,641.8214285714286,843.8571428571429,286.7470238095238,322.0408499809551,574.1785714285714,867.1428571428571,302.55059523809524,359.17868644611127,604.0357142857143,985.4285714285714,61.52886904761905,14.173942505084801,42.07142857142857,47.88928571428572,mean
20.457142857142856,143.0,1.72,251.0,111.8,14.976190476190476,3.061912430260348,34.94226190476191,9.87142857142857,20.76785714285714,32.028571428571425,45.18214285714286,73.75714285714285,178.10714285714286,216.67769281566504,308.7142857142857,587.2857142857143,213.2470238095238,236.17639292463602,401.89285714285717,660.5714285714286,215.2172619047619,248.3085471634758,407.60714285714283,713.1428571428571,74.44166666666668,13.159196802665054,55.94285714285714,62.275,mean
23.142857142857142,143.0,1.72,251.0,111.8,16.366071428571427,3.639338433653451,22.865178571428572,0.8142857142857143,8.335714285714285,18.349999999999998,35.19642857142857,62.24285714285714,223.44047619047618,273.3206719190829,432.17857142857144,810.8571428571429,249.5505952380952,272.1476704079053,494.0,784.4285714285714,252.20535714285714,289.1307532238879,496.92857142857144,856.5714285714286,71.06964285714285,15.174366106063392,50.142857142857146,55.84285714285714,mean
22.728571428571428,143.0,1.72,251.0,111.8,19.672619047619047,4.229756557878219,15.766369047619047,0.0,0.0,9.0,27.525000000000002,61.800000000000004,305.14583333333337,334.50847994423464,621.5714285714286,824.4285714285714,275.6279761904762,300.7853583339609,539.75,825.7142857142857,281.0595238095238,325.1975105844836,550.3214285714286,906.7142857142857,62.47261904761905,15.467790764869429,40.31428571428571,48.27499999999999,mean
16.228571428571428,143.0,1.72,251.0,111.8,16.961309523809526,2.9298417657626135,38.63869047619047,8.257142857142856,20.857142857142858,36.42857142857143,55.18214285714286,78.22857142857143,115.83630952380952,158.93186919832849,181.60714285714286,510.7142857142857,184.13690476190476,203.16870152592514,339.60714285714283,638.4285714285714,182.32440476190476,209.40329834982745,334.0357142857143,672.1428571428571,75.30863095238094,12.144916822166845,55.94285714285714,64.12142857142858,mean
19.942857142857143,143.0,1.72,251.0,111.8,20.541666666666664,3.551445311454455,23.91904761904762,0.4571428571428572,7.55,20.071428571428573,38.771428571428565,63.55714285714286,248.15178571428572,266.6559203931147,498.39285714285717,673.2857142857143,259.2886904761905,275.64550146928184,505.5,772.4285714285714,259.6190476190476,292.4514465988703,507.17857142857144,834.7142857142857,68.51755952380952,15.022923226540714,48.48571428571428,54.47500000000001,mean
26.3,143.0,1.72,251.0,111.8,25.19345238095238,4.882263715006856,5.705059523809524,0.0,0.0,0.85,8.596428571428572,32.128571428571426,392.48214285714283,371.63759697340913,774.5357142857143,865.1428571428571,330.8482142857143,346.17654611498887,654.5357142857143,897.0,335.5863095238095,376.8139662045545,673.5,988.7142857142857,60.51041666666667,16.238696383039922,38.471428571428575,45.42857142857143,mean
27.271428571428572,143.0,1.72,251.0,111.8,23.959121016827787,4.55821106398629,7.056931614751164,0.0,0.0,3.642857142857143,8.507142857142858,40.74285714285714,364.10306314255024,357.23984728676004,714.9285714285714,858.8571428571429,320.47277696793,336.88876897272814,639.75,898.5714285714286,325.12224566518336,366.1841433253326,657.6071428571429,992.8571428571429,45.88185214311289,14.886576473895147,26.62857142857143,31.925000000000004,mean
22.47142857142857,143.0,1.72,251.0,111.8,18.758928571428573,3.038097173957676,27.091369047619047,0.0,9.392857142857142,25.764285714285712,39.875,67.91428571428571,187.58928571428572,244.43740673540137,273.10714285714283,755.2857142857143,231.45833333333331,258.43972018806056,425.32142857142856,784.5714285714286,231.68154761904762,271.9162145713245,426.82142857142856,851.5714285714286,58.13214285714286,13.063518881201052,39.471428571428575,46.81071428571429,mean
24.557142857142857,143.0,1.72,251.0,111.8,20.535714285714285,4.550492356643431,22.74791666666667,0.0,9.578571428571427,20.62857142857143,35.232142857142854,60.75714285714286,221.23214285714286,258.92141609137155,444.42857142857144,689.4285714285714,253.67261904761904,278.2412736120263,504.64285714285717,765.5714285714286,258.4017857142857,296.81340599987556,513.2142857142857,834.1428571428571,60.50327380952381,17.40801853659482,36.957142857142856,43.910714285714285,mean
26.47142857142857,143.0,1.72,251.0,111.8,26.68154761904762,4.867592283325223,16.910714285714285,0.0,5.953571428571428,13.521428571428572,25.575,49.785714285714285,282.0654761904762,306.6889581784689,546.7142857142857,809.7142857142857,274.20535714285717,298.09475042938396,541.5,823.2857142857143,283.59523809523813,324.7528525517227,561.4285714285714,921.5714285714286,49.77797619047619,16.583350461715327,27.185714285714287,34.63928571428571,mean
24.085714285714285,143.0,1.72,251.0,111.8,20.943452380952383,3.439128131905665,25.238095238095237,4.142857142857143,8.49642857142857,18.564285714285717,40.375,71.3,204.73214285714286,256.16136235929565,368.14285714285717,671.7142857142857,225.34821428571425,259.91394137114895,451.14285714285717,713.2857142857143,236.31845238095235,284.6484681948711,465.64285714285717,800.5714285714286,62.69345238095237,15.919026661169184,41.771428571428565,47.232142857142854,mean
25.87142857142857,143.0,1.72,251.0,111.8,22.175595238095237,3.559022091284574,26.55535714285714,0.0,10.021428571428572,22.87142857142857,42.125,67.32857142857144,194.1369047619048,247.96278398895052,395.35714285714283,701.5714285714286,217.1517857142857,253.55968389265098,430.32142857142856,712.7142857142857,231.91369047619045,281.93041829087633,454.2142857142857,815.2857142857143,68.60089285714285,14.494375576516713,46.67142857142857,55.79642857142857,mean
24.414285714285715,143.0,1.72,251.0,111.8,17.93452380952381,3.2306140213906214,31.788392857142856,5.242857142857143,10.042857142857143,23.442857142857143,48.08571428571429,85.84285714285714,158.78869047619045,225.97821772197295,311.92857142857144,656.8571428571429,191.0238095238095,243.08564277551343,340.07142857142856,703.8571428571429,204.90773809523807,271.1903327786045,353.75,799.2857142857143,69.72321428571429,13.756496788273946,49.01428571428572,56.903571428571425,mean
30.071428571428573,143.0,1.72,251.0,111.8,19.267857142857142,3.867064739079978,21.376190476190477,0.0,9.392857142857142,21.035714285714285,32.903571428571425,53.471428571428575,248.5238095238095,285.6853408612997,540.0357142857143,699.7142857142857,218.69047619047618,256.4577396263657,443.92857142857144,685.8571428571429,244.57738095238093,298.3475549323447,493.7857142857143,811.7142857142857,71.92886904761905,14.972655947470784,50.128571428571426,57.85000000000001,mean
35.371428571428574,143.0,1.72,251.0,111.8,23.803571428571427,4.613225105827877,11.530952380952382,0.0,2.4928571428571433,9.299999999999999,19.2,42.214285714285715,283.0863095238095,328.4405886354561,568.5,798.0,236.01488095238093,285.11322026824433,470.75,758.5714285714286,273.2142857142857,342.2384903263852,538.1071428571429,922.8571428571429,62.35982142857143,17.12156321784551,37.4,46.271428571428565,mean
32.785714285714285,143.0,1.72,251.0,111.8,17.172619047619047,3.5068124274218104,22.649404761904766,0.6,12.839285714285714,24.357142857142858,31.807142857142857,48.07142857142857,200.07738095238093,265.1072061697535,347.14285714285717,787.5714285714286,192.99107142857142,244.910406257251,374.92857142857144,689.5714285714286,221.9672619047619,292.35475055884035,417.5357142857143,838.5714285714286,60.25892857142857,15.507044238937212,37.82857142857143,46.028571428571425,mean
29.457142857142856,143.0,1.72,251.0,111.8,15.892857142857142,3.5820977912812646,27.722916666666666,0.24285714285714285,10.935714285714285,22.107142857142858,41.864285714285714,71.35714285714286,180.79464285714286,246.95240783240928,357.4642857142857,651.1428571428571,164.10714285714286,208.7015944603933,323.57142857142856,588.0,193.8422619047619,255.04544189361832,374.4642857142857,732.5714285714286,75.31904761904762,14.20157651790926,53.971428571428575,61.51428571428572,mean
41.728571428571435,143.0,1.72,251.0,111.8,15.87797619047619,4.405765082530913,9.451488095238094,0.0,0.0,7.628571428571428,17.02857142857143,44.67142857142857,302.9226190476191,356.7771328664308,646.8214285714286,862.0,197.98214285714283,250.59160476940178,422.67857142857144,682.1428571428571,252.5505952380952,325.47023395530385,540.2857142857143,893.2857142857143,60.13779761904762,15.474904469945784,37.48571428571428,45.67142857142857,mean
11.357142857142858,143.0,1.72,251.0,111.8,15.946428571428571,2.23206538971414,51.40238095238095,5.485714285714286,29.02857142857143,53.228571428571435,72.04285714285713,89.08571428571429,12.99702380952381,40.74415621336421,4.714285714285714,230.14285714285714,82.11011904761905,111.45023745602293,162.57142857142858,379.0,82.78273809523809,115.37482623563645,158.21428571428572,428.85714285714283,80.7702380952381,9.604794729015788,64.2,72.67857142857143,mean
16.757142857142856,143.0,1.72,251.0,111.8,13.4566786865122,2.7491558553087185,40.90135869009258,6.114285714285714,13.725,39.59285714285714,66.06785714285715,83.7,71.70656424223826,140.43782896161593,76.57142857142857,492.2857142857143,86.86721139583652,120.66865975028786,161.10714285714286,408.7142857142857,100.0946454145568,145.48222939695395,166.64285714285714,518.4285714285714,78.36499648355583,9.116800834485977,63.07142857142857,69.79642857142856,mean
14.571428571428571,143.0,1.72,251.0,111.8,13.136904761904763,2.3165960989139975,46.05625,7.128571428571428,29.99285714285714,45.192857142857136,65.68571428571428,84.41428571428571,52.69047619047618,99.54310193921019,77.96428571428571,318.2857142857143,73.9375,107.39877832307873,137.10714285714286,348.0,85.95833333333333,129.6113307354761,148.67857142857142,431.7142857142857,82.60803571428572,5.950090378581075,71.44285714285715,78.21071428571429,mean
20.642857142857142,143.0,1.72,251.0,111.8,15.151785714285714,2.393601221864127,45.22261904761905,12.171428571428573,34.017857142857146,38.800000000000004,56.725,83.25714285714285,89.26785714285712,141.9075532515639,176.71428571428572,433.7142857142857,81.88392857142857,117.03531032096829,164.96428571428572,355.57142857142856,104.79464285714285,153.09918626083305,204.25,482.14285714285717,80.3717261904762,8.798148773444394,64.08571428571427,73.87142857142858,mean
18.914285714285715,143.0,1.72,251.0,111.8,13.62202380952381,2.445314946513738,40.70654761904762,0.6714285714285715,27.817857142857143,43.92142857142857,56.146428571428565,78.32857142857142,78.41964285714286,130.67298358517283,136.96428571428572,401.0,74.2172619047619,109.72269320808846,144.5,336.0,97.26488095238095,147.3985362601475,188.17857142857142,464.2857142857143,86.24910714285714,8.750021522061557,70.42857142857143,79.92857142857143,mean
8.771428571428572,143.0,1.72,251.0,111.8,9.949404761904761,1.7694163741256375,66.18392857142858,21.457142857142856,48.728571428571435,69.20714285714286,87.61785714285715,96.35714285714286,17.541666666666668,51.332696914670194,1.7142857142857142,249.0,50.11011904761905,76.76265242318735,91.10714285714286,243.42857142857142,54.94642857142857,89.23018386116026,88.85714285714286,309.57142857142856,84.82827380952381,5.8639711020568175,75.57142857142857,79.78214285714286,mean
8.385714285714286,143.0,1.72,251.0,111.8,8.827380952380953,1.3349365961806077,55.188988095238095,12.185714285714285,33.96785714285714,56.949999999999996,73.63928571428572,92.39999999999999,16.982142857142858,48.05672913435634,4.607142857142857,254.57142857142858,48.288690476190474,75.13668785204301,93.5,253.57142857142858,52.80654761904761,86.13060792856167,97.21428571428571,326.42857142857144,85.68630952380953,6.2795050374574215,73.0,81.82142857142857,mean
11.200000000000001,143.0,1.72,251.0,111.8,4.035714285714286,1.8929054100989224,39.43630952380953,0.5142857142857143,11.160714285714286,36.714285714285715,65.58928571428571,86.55714285714285,25.2827380952381,65.52214553003657,3.25,309.0,46.80357142857142,74.68457066720904,83.28571428571429,239.85714285714286,54.88392857142857,91.6236026572095,88.60714285714286,343.14285714285717,86.38244047619048,7.4127676114958225,72.57142857142857,80.68571428571428,mean
4.442857142857143,143.0,1.72,251.0,111.8,3.830357142857143,1.5089777356808125,51.73511904761905,12.214285714285714,36.53214285714286,47.699999999999996,70.70357142857144,88.25714285714285,7.389880952380951,21.198621586076094,1.0357142857142858,107.42857142857143,33.19047619047619,53.41929508666549,63.107142857142854,168.28571428571428,34.80357142857143,55.9901053118562,68.60714285714286,180.42857142857142,91.0235119047619,3.8518215596106478,83.5,88.41071428571429,mean
13.942857142857141,143.0,1.72,251.0,111.8,7.339285714285714,1.789282529895295,48.73779761904762,0.4857142857142857,35.28928571428572,53.83571428571429,64.36071428571428,83.87142857142858,55.54761904761904,110.8849165340253,82.25,412.14285714285717,43.169642857142854,74.85906537346135,62.214285714285715,250.14285714285714,63.172619047619044,113.57798399472593,89.14285714285714,407.42857142857144,86.50386904761906,5.0250224502298355,77.72857142857143,82.96785714285714,mean
26.157142857142862,143.0,1.72,251.0,111.8,2.121379980563654,1.8824177074959312,26.34304185207918,1.5857142857142856,14.025000000000002,21.25714285714286,36.51428571428572,63.55714285714286,102.99979988235896,175.1156229740563,177.14285714285714,505.0,49.80086248785228,85.15998075512243,80.60714285714286,264.7142857142857,87.42496483555828,149.03765743248763,145.46428571428572,460.2857142857143,85.32530548309549,5.635783853968175,74.2,82.03928571428571,mean
10.257142857142856,143.0,1.72,251.0,111.8,5.642857142857143,1.4526868687626717,58.779761904761905,8.557142857142857,42.82142857142857,64.67142857142856,78.28214285714286,94.2,32.648809523809526,67.93566879559555,56.357142857142854,236.85714285714286,28.675595238095237,51.13985661397106,41.142857142857146,170.85714285714286,40.61607142857143,75.20594556605927,59.392857142857146,258.14285714285717,81.23452380952381,6.189889432641698,70.07142857142857,76.38928571428572,mean
9.0,143.0,1.72,251.0,111.8,7.919642857142857,1.9398522655926578,43.072916666666664,8.685714285714285,15.599999999999998,37.521428571428565,67.64642857142857,90.0,23.922619047619044,58.87478002174849,0.0,250.42857142857142,28.982142857142858,50.772577150669306,41.07142857142857,166.85714285714286,37.99404761904761,70.61057920111801,46.5,260.7142857142857,87.18363095238094,5.098474228197111,77.68571428571428,83.75714285714285,mean
8.928571428571429,143.0,1.72,251.0,111.8,6.050595238095238,1.1622120970570855,47.18244047619048,1.4285714285714286,18.896428571428572,52.68571428571429,72.60714285714286,87.62857142857142,27.836309523809522,76.55026973156929,10.428571428571429,356.42857142857144,29.175595238095237,53.17815998916251,40.67857142857143,197.0,39.464285714285715,79.02027714315955,44.392857142857146,322.2857142857143,87.8782738095238,3.2227703897506865,81.91428571428571,85.75714285714285,mean
11.666666666666666,143.0,1.72,251.0,111.8,-0.04166666666666665,2.2528408652894916,14.207638888888887,0.0,0.0,0.0,26.508333333333336,54.23333333333333,55.291666666666664,115.25368840213385,55.166666666666664,430.6666666666667,35.31944444444444,57.452769049036185,65.5,168.66666666666666,55.55555555555554,92.26887812820053,94.5,300.0,88.2013888888889,6.5409925161210225,73.3,85.41666666666667,mean
7.15,143.0,1.72,251.0,111.8,3.140625,1.7987585407488405,36.42760416666667,0.0,18.11875,31.087500000000002,61.975,80.75,21.026041666666668,56.9219681584152,2.0625,273.5,29.125,48.76153925445891,50.25,164.75,36.567708333333336,64.94786318225181,57.1875,240.5,87.65312500000002,4.948214341022589,78.95,83.6875,mean
7.8428571428571425,143.0,1.72,251.0,111.8,5.324404761904762,1.978600181658959,36.20892857142857,4.228571428571429,15.485714285714286,31.678571428571427,56.525,78.97142857142856,25.377976190476197,72.13707490872972,0.07142857142857142,340.14285714285717,33.02083333333333,57.21947600110083,48.107142857142854,196.57142857142858,41.55654761904763,76.75957384137459,52.285714285714285,293.0,84.78422619047619,7.03669215126268,71.04285714285714,79.81785714285715,mean
18.985714285714288,143.0,1.72,251.0,111.8,6.571428571428571,2.3000011600897716,32.67380952380952,0.9142857142857144,12.671428571428573,28.314285714285713,52.51428571428572,79.34285714285714,71.1547619047619,137.9033764689176,109.92857142857143,456.2857142857143,44.38392857142857,74.29855005826381,68.71428571428571,237.0,69.83928571428571,120.95492287638321,108.82142857142857,396.14285714285717,76.08839285714285,7.0518897583786115,63.857142857142854,70.94642857142857,mean
20.942857142857143,143.0,1.72,251.0,111.8,0.6041666666666666,1.9407452035813055,12.01845238095238,0.0,0.0,0.1285714285714286,30.646428571428572,41.642857142857146,84.47619047619047,138.1052943153427,191.46428571428572,393.2857142857143,51.79166666666667,83.999327486712,89.07142857142857,244.57142857142858,81.75297619047618,132.37001660634496,149.92857142857142,384.14285714285717,88.31964285714285,6.679010354685112,75.32857142857142,83.96428571428571,mean
4.0285714285714285,143.0,1.72,251.0,111.8,7.714285714285714,1.5583437200298056,49.759523809523806,4.985714285714287,27.314285714285713,52.93571428571429,70.37857142857142,85.37142857142858,36.44940476190476,90.47606426795635,2.892857142857143,360.14285714285717,41.43154761904761,69.98164970863789,58.964285714285715,234.57142857142858,53.76488095238095,97.6008873095491,62.32142857142857,352.42857142857144,83.09791666666668,5.287983392667256,73.24285714285715,79.21785714285714,mean
2.716666666666667,143.0,1.72,251.0,111.8,4.503472222222222,2.761620195934039,31.38263888888889,8.95,20.445833333333336,24.133333333333336,42.391666666666666,67.64999999999999,146.74652777777774,233.16642810454857,293.0416666666667,663.6666666666666,78.04166666666667,120.98194281971952,152.625,361.6666666666667,125.18055555555554,195.94614208223916,244.66666666666666,596.3333333333334,79.16562499999999,9.867944484997118,56.75,72.79166666666667,mean
3.0428571428571423,143.0,1.72,251.0,111.8,7.333333333333333,2.3139651872130744,39.25625,0.0,13.821428571428571,43.34285714285714,63.035714285714285,82.04285714285713,92.9047619047619,168.35622229876398,101.10714285714286,521.1428571428571,75.7559523809524,118.4823705514078,138.46428571428572,364.85714285714283,105.27083333333334,171.18152516190088,172.46428571428572,540.1428571428571,72.88125,9.347779542143627,57.357142857142854,65.76071428571429,mean
4.085714285714286,143.0,1.72,251.0,111.8,8.386904761904763,2.4058290084350378,43.409821428571426,0.41428571428571426,23.646428571428572,42.67142857142857,64.04285714285714,83.87142857142858,96.6547619047619,184.87136872925473,123.92857142857143,611.2857142857143,83.91666666666666,127.64373727467567,153.17857142857142,392.0,112.20535714285714,179.3855345416187,180.10714285714286,586.0,66.65357142857142,10.644324775685515,48.300000000000004,58.525,mean
2.957142857142857,143.0,1.72,251.0,111.8,7.788690476190476,1.8180244730518011,55.13065476190476,9.971428571428572,37.357142857142854,52.707142857142856,76.90714285714286,90.91428571428571,61.20833333333333,108.10779440233118,102.96428571428571,369.14285714285717,69.27678571428571,102.67080431755123,124.5,327.7142857142857,85.44642857142857,129.97628520275074,147.46428571428572,438.7142857142857,75.43154761904762,8.887336596770819,61.785714285714285,67.36785714285715,mean
2.142857142857143,143.0,1.72,251.0,111.8,6.295913252519052,1.7423731081846476,56.71293955552146,13.799999999999999,37.528571428571425,62.285714285714285,77.28571428571429,89.22857142857143,38.20915298450207,95.89463965737932,0.0,417.0,67.71017083525139,93.88929993169646,131.07142857142858,298.14285714285717,76.00691205053451,111.39964858649181,132.14285714285714,385.57142857142856,78.8204820085929,8.544514417524038,62.84285714285715,72.39285714285714,mean
4.571428571428571,143.0,1.72,251.0,111.8,8.738095238095237,2.2360916029200597,41.84375,1.3142857142857143,17.360714285714288,42.23571428571428,65.78214285714286,87.15714285714286,92.94047619047618,162.98675440310555,115.0,575.0,103.59821428571429,142.20706208371433,206.96428571428572,449.85714285714283,124.60119047619047,178.57678957391877,231.75,594.0,74.9514880952381,9.044264132993629,59.871428571428574,67.01428571428572,mean
7.457142857142857,143.0,1.72,251.0,111.8,10.258928571428571,4.156377283516837,18.96845238095238,5.885714285714286,8.225,12.52142857142857,26.300000000000004,53.84285714285714,221.79464285714286,282.80873898159297,523.8571428571429,693.8571428571429,159.44940476190476,213.15915079714782,330.2857142857143,579.4285714285714,208.75595238095235,283.4347725810136,429.57142857142856,775.0,72.41458333333334,14.037502845327179,50.32857142857142,59.685714285714276,mean
10.12857142857143,143.0,1.72,251.0,111.8,5.764880952380953,3.7425600568800204,3.3547619047619044,0.0,0.0,0.0,4.292857142857143,23.02857142857143,319.2827380952381,371.42508934386285,718.6071428571429,881.0,214.75595238095235,272.45080900065403,459.60714285714283,719.2857142857143,276.64285714285717,356.8048046043074,582.3571428571429,948.1428571428571,49.57827380952381,12.345235656556834,32.7,38.207142857142856,mean
8.7,143.0,1.72,251.0,111.8,5.776785714285714,4.119368117037607,8.849999999999998,0.0,2.6714285714285713,7.55,12.917857142857143,27.885714285714283,289.4761904761905,325.3037786238273,615.2142857142857,795.7142857142857,204.60119047619045,253.28436728507978,421.0357142857143,690.0,251.25,318.9422268697875,517.8571428571429,877.5714285714286,56.76309523809523,14.449407983760182,36.01428571428571,43.574999999999996,mean
10.514285714285714,143.0,1.72,251.0,111.8,14.583333333333332,5.911100925311614,0.38392857142857145,0.0,0.0,0.0,0.0,13.157142857142857,355.2351190476191,378.65503888364674,767.6785714285714,875.5714285714286,250.37499999999997,300.4417802388952,528.2857142857143,777.4285714285714,303.30357142857144,373.7533749355034,639.4285714285714,975.0,51.915476190476184,18.149339834687613,26.928571428571427,35.239285714285714,mean
9.214285714285714,143.0,1.72,251.0,111.8,13.639880952380953,5.083838238280529,10.048511904761906,0.0,0.55,2.9142857142857146,17.053571428571427,48.01428571428572,288.5654761904762,339.1949922096599,580.6785714285714,867.1428571428571,237.68749999999997,287.0769131158317,471.42857142857144,789.0,273.73511904761904,344.0845123183422,533.4285714285714,965.7142857142857,53.078869047619044,15.032109354141879,32.228571428571435,38.85,mean
10.514285714285714,143.0,1.72,251.0,111.8,15.625,4.430479192237535,6.939583333333333,0.0,0.06428571428571427,2.7071428571428577,9.785714285714286,30.47142857142857,362.27976190476187,379.9360652691631,755.3571428571429,897.5714285714286,277.25595238095235,319.14819024790404,589.25,832.0,315.4702380952381,378.4836817901132,673.0,1000.1428571428571,46.319940476190474,13.681894661438742,28.928571428571427,33.910714285714285,mean
6.1,143.0,1.72,251.0,111.8,13.536808858881898,2.4908703549118685,41.33077924402844,2.085714285714286,21.110714285714288,38.47857142857142,58.464285714285715,86.05714285714285,146.73823142038768,219.84805897530373,216.25,733.1428571428571,174.60098012889367,213.0112643052139,328.60714285714283,676.4285714285714,184.51658994424838,235.28186271803858,342.2857142857143,773.4285714285714,68.38670662625952,12.857241108774423,48.371428571428574,56.728571428571435,mean
7.957142857142857,143.0,1.72,251.0,111.8,14.63988095238095,4.357781868376731,29.823214285714283,0.04285714285714286,10.464285714285714,28.421428571428574,44.93214285714286,78.0,256.0357142857143,310.0965957295988,492.85714285714283,849.8571428571429,238.86904761904762,276.412837905972,469.39285714285717,756.7142857142857,254.75,309.771949531083,494.10714285714283,865.5714285714286,58.80535714285714,15.474517298217949,38.728571428571435,43.528571428571425,mean
6.314285714285715,143.0,1.72,251.0,111.8,11.86011904761905,3.7608717747329967,39.54494047619048,8.799999999999999,25.275000000000002,39.542857142857144,54.31785714285714,75.8,154.44940476190476,193.43438663072195,302.9642857142857,517.0,193.7827380952381,223.57156924020288,379.4642857142857,635.7142857142857,201.16071428571428,242.6054711220691,386.14285714285717,700.4285714285714,67.85416666666667,13.276791987130752,50.07142857142857,54.975,mean
7.542857142857143,143.0,1.72,251.0,111.8,17.839285714285715,4.7364602007896295,18.48541666666667,4.857142857142857,12.12142857142857,18.92142857142857,22.41428571428571,44.228571428571435,304.47916666666663,292.3120821635763,595.1785714285714,703.1428571428571,265.0595238095238,284.72404799198597,528.75,753.5714285714286,276.48214285714283,314.73777783011275,560.5714285714286,842.8571428571429,60.30029761904762,15.958800233081263,40.34285714285714,44.98571428571428,mean
9.185714285714285,143.0,1.72,251.0,111.8,16.184523809523807,4.226458086175421,9.25297619047619,0.0,1.3214285714285714,4.535714285714286,11.782142857142858,48.714285714285715,355.4375,352.84424619724814,682.4642857142857,881.5714285714286,306.9583333333333,323.5743171918968,619.0,878.4285714285714,313.5386904761905,353.69151367725186,641.0714285714286,979.0,53.361607142857146,17.052108297267647,32.92857142857143,36.68928571428571,mean
6.071428571428571,143.0,1.72,251.0,111.8,17.288690476190474,3.4341505393933667,37.154464285714276,14.957142857142856,25.303571428571427,34.99285714285714,44.925000000000004,70.04285714285714,206.77380952380955,204.7911284570906,390.14285714285717,502.2857142857143,219.99702380952382,237.02347350003382,430.2142857142857,668.4285714285714,222.0297619047619,252.36035007629445,441.67857142857144,716.1428571428571,62.0625,12.738595681067647,42.957142857142856,50.31071428571429,mean
6.385714285714286,143.0,1.72,251.0,111.8,16.31547619047619,2.7307209582326633,41.080357142857146,10.585714285714285,25.45,41.09285714285714,55.725,84.17142857142858,127.9047619047619,179.30747041505984,231.82142857142858,542.5714285714286,199.22916666666666,221.03752541297627,371.9642857142857,665.4285714285714,198.36607142857142,229.36516084769033,367.89285714285717,706.8571428571429,74.09494047619047,13.144965554100818,55.271428571428565,61.582142857142856,mean
4.457142857142857,143.0,1.72,251.0,111.8,17.288690476190478,2.6395821151477756,50.453869047619044,9.328571428571427,34.81428571428571,50.028571428571425,68.29285714285714,87.54285714285713,64.4077380952381,128.87937157445293,86.46428571428571,469.0,153.85119047619045,178.125994407241,249.5,595.4285714285714,149.61011904761904,178.26925244571217,232.85714285714286,615.0,77.85059523809524,12.517531852228817,59.214285714285715,65.97142857142856,mean
7.885714285714285,143.0,1.72,251.0,111.8,21.488095238095237,4.226520322563013,12.770535714285716,0.0,3.042857142857143,8.507142857142856,21.11785714285714,51.271428571428565,345.5029761904762,347.9090894855457,645.1428571428571,875.2857142857143,305.4136904761905,325.21431578220637,576.7857142857143,895.0,307.0625,351.94702835585434,587.5714285714286,984.7142857142857,61.02470238095238,16.025699893872172,39.271428571428565,45.275,mean
6.971428571428571,143.0,1.72,251.0,111.8,20.045685642678126,3.581686015328964,32.29224291596338,0.15714285714285717,15.842857142857143,27.335714285714285,47.978571428571435,79.92857142857143,192.95635709170887,267.4620281741746,354.92857142857144,829.5714285714286,234.91469426116308,263.03195398815126,443.89285714285717,790.2857142857143,232.9211338294716,275.37727337393267,443.17857142857144,855.5714285714286,66.41628983172215,16.4240800775356,44.74285714285714,50.75,mean
8.071428571428571,143.0,1.72,251.0,111.8,20.943452380952383,4.02414505995352,21.283035714285713,0.0,1.707142857142857,16.585714285714285,35.18571428571429,68.89999999999999,298.0148809523809,338.11378729758,602.1428571428571,877.2857142857143,284.375,307.14538723868424,555.7857142857143,843.7142857142857,286.7857142857143,330.190826340598,556.75,926.0,52.83720238095238,16.859473485070698,32.142857142857146,36.65,mean
6.771428571428571,143.0,1.72,251.0,111.8,19.270833333333336,3.373287913563359,33.75386904761904,6.428571428571429,20.907142857142855,31.307142857142857,45.582142857142856,66.88571428571429,225.3422619047619,244.37135345382453,410.4642857142857,692.0,232.35119047619045,257.08301311000866,449.89285714285717,721.4285714285714,236.78869047619045,277.27699529000165,459.82142857142856,789.0,60.66607142857142,13.789302653133467,41.971428571428575,47.457142857142856,mean
8.342857142857143,143.0,1.72,251.0,111.8,22.625,4.807819998022254,23.21547619047619,0.41428571428571426,6.957142857142857,19.3,35.46071428571428,65.5,267.0267857142857,315.0256911815965,534.6071428571429,845.2857142857143,268.7529761904762,303.15490901493774,513.3214285714286,863.1428571428571,279.35714285714283,334.28569463644646,530.8214285714286,971.1428571428571,45.28065476190476,15.141398162664425,25.057142857142857,31.121428571428574,mean
8.071428571428571,143.0,1.72,251.0,111.8,24.196428571428573,5.154638759362554,19.79434523809524,0.0,6.7178571428571425,14.992857142857142,28.574999999999996,67.62857142857142,320.32142857142856,327.41155522645204,576.1428571428571,835.5714285714286,273.85416666666663,297.68615771101815,545.0714285714286,829.0,284.75,329.9992844467062,572.7857142857143,940.0,44.46071428571429,15.764939687607214,23.38571428571429,30.12857142857143,mean
7.1571428571428575,143.0,1.72,251.0,111.8,22.291666666666664,4.098460564349457,26.557738095238097,5.314285714285715,15.967857142857143,25.24285714285714,35.114285714285714,53.67142857142857,261.9970238095238,264.56272717509097,515.4642857142857,651.2857142857143,229.20833333333331,261.52931212641516,444.75,715.7142857142857,243.82440476190476,292.581468025344,476.10714285714283,807.0,60.093452380952385,17.434004353950787,36.9,43.278571428571425,mean
7.1000000000000005,143.0,1.72,251.0,111.8,25.86904761904762,4.028469309925195,32.09434523809524,3.2428571428571433,14.739285714285714,31.67142857142857,44.550000000000004,70.9,197.9047619047619,251.72011995389894,396.5357142857143,702.8571428571429,209.2470238095238,250.85301234173147,400.92857142857144,719.1428571428571,224.78869047619045,280.0948028712598,426.57142857142856,823.0,55.10089285714286,14.823514270659325,34.24285714285714,40.82142857142857,mean
7.571428571428571,143.0,1.72,251.0,111.8,23.1547619047619,3.9071686108303614,36.11607142857143,0.0,10.667857142857143,30.62857142857143,58.025,92.42857142857143,224.93154761904762,307.73403594497535,416.7142857142857,842.5714285714286,217.97023809523807,268.4071170921801,428.14285714285717,776.5714285714286,241.36904761904762,309.45512972094406,459.67857142857144,924.1428571428571,64.3202380952381,17.57380104820316,37.94285714285714,47.846428571428575,mean
6.0,143.0,1.72,251.0,111.8,18.88690476190476,3.018047712844895,41.66815476190476,5.971428571428571,22.785714285714285,38.800000000000004,61.50714285714286,85.91428571428571,121.83928571428571,178.17558002238817,215.71428571428572,552.4285714285714,157.35714285714286,191.24167414974855,311.7857142857143,589.2857142857143,167.55357142857142,210.56399610116773,322.35714285714283,669.8571428571429,61.90535714285714,13.06640702353067,43.128571428571426,50.846428571428575,mean
5.771428571428572,143.0,1.72,251.0,111.8,17.345238095238095,3.028900639327715,46.38095238095237,8.114285714285716,28.621428571428574,48.24285714285714,62.228571428571435,81.7,120.75595238095238,192.91380492952845,212.71428571428572,619.4285714285714,155.02083333333331,199.99415444668875,312.32142857142856,600.8571428571429,173.45833333333331,232.0163627864036,343.2142857142857,726.4285714285714,72.69642857142857,12.480919009085742,53.9,60.38214285714286,mean
8.428571428571429,143.0,1.72,251.0,111.8,18.425595238095237,4.4691229408632696,16.570535714285715,0.0,3.782142857142857,14.135714285714286,25.985714285714288,55.814285714285724,265.80059523809524,319.8966903415318,573.8214285714286,784.0,202.72916666666666,255.09446038895803,412.57142857142856,697.5714285714286,245.76488095238093,317.822159078774,493.17857142857144,879.5714285714286,61.43988095238095,17.189911275074994,36.58571428571428,45.392857142857146,mean
8.942857142857143,143.0,1.72,251.0,111.8,20.985119047619044,4.841102421876335,13.764583333333333,0.0,1.25,4.8500000000000005,23.02857142857143,59.48571428571428,277.8065476190476,335.80708570019243,648.0357142857143,790.5714285714286,202.25595238095235,257.9089112493564,440.7857142857143,677.0,255.92261904761904,332.6965668214445,557.3928571428571,879.7142857142857,60.011904761904766,15.907449934857883,36.48571428571429,45.58571428571428,mean
5.3999999999999995,143.0,1.72,251.0,111.8,16.187499999999996,2.7934590666735324,46.558035714285715,17.057142857142857,31.99642857142857,43.464285714285715,59.41785714285714,84.87142857142858,129.22321428571428,176.2214234675351,281.67857142857144,452.85714285714283,127.45535714285712,169.18118579837346,271.32142857142856,468.42857142857144,153.52380952380955,207.3139402608097,327.17857142857144,578.7142857142857,70.43601190476191,11.899092955167095,51.25714285714285,60.128571428571426,mean
4.5285714285714285,143.0,1.72,251.0,111.8,12.108269397984758,2.16667421351025,51.69284806403765,3.942857142857143,27.439285714285717,55.15,74.13571428571429,90.47142857142856,100.0849815866196,169.47071730518505,154.75,502.7142857142857,101.9584567285561,146.69576390833018,185.25,448.57142857142856,123.43382499616386,182.75625476291845,206.82142857142858,570.4285714285714,83.34297529538131,9.219664996678484,66.67142857142856,75.94285714285715,mean
3.314285714285714,143.0,1.72,251.0,111.8,12.800595238095237,1.7126316698982096,62.260714285714286,17.4,46.17857142857143,64.96428571428571,79.70714285714287,92.62857142857142,38.651785714285715,95.64548276556557,7.142857142857143,421.2857142857143,80.62202380952382,120.4205398682468,140.67857142857142,410.57142857142856,89.17559523809523,140.2186482367909,140.03571428571428,523.5714285714286,79.01041666666666,7.527964969783709,64.8,72.85714285714286,mean
7.299999999999999,143.0,1.72,251.0,111.8,8.127976190476192,1.639342714210321,50.913690476190474,14.142857142857142,33.85357142857143,51.66428571428571,68.63928571428572,87.2,52.39583333333332,90.25099049231629,95.14285714285714,300.42857142857144,73.58333333333333,104.92576519285446,145.67857142857142,335.14285714285717,87.45833333333333,128.1894988916249,173.75,422.14285714285717,87.7797619047619,6.595577405705592,75.38571428571429,82.51428571428572,mean
13.057142857142859,143.0,1.72,251.0,111.8,12.07738095238095,2.3887276709623912,60.30148809523809,18.514285714285712,46.267857142857146,64.77857142857142,76.76785714285714,88.61428571428571,57.27976190476191,116.13913057780458,52.75,406.85714285714283,69.76488095238095,105.15263537231047,123.42857142857143,339.7142857142857,85.63095238095238,135.2927705207938,139.67857142857142,464.57142857142856,80.40744047619047,9.769711769368026,63.285714285714285,72.32142857142857,mean
11.928571428571429,143.0,1.72,251.0,111.8,11.535714285714286,1.6221862885949452,59.202083333333334,16.042857142857144,40.675,59.9,77.84642857142856,96.0,56.41369047619047,96.14181342124847,106.89285714285714,298.14285714285717,63.214285714285715,94.64317883789661,126.71428571428571,289.0,79.92559523809523,121.1246910104765,165.10714285714286,376.57142857142856,80.88214285714285,6.821971275189313,69.44285714285714,75.47857142857143,mean
12.8,143.0,1.72,251.0,111.8,10.25297619047619,2.2148082059835223,45.235119047619044,14.571428571428571,33.475,45.22857142857142,56.910714285714285,76.11428571428571,79.52380952380952,120.82145135968369,179.28571428571428,332.14285714285717,59.282738095238095,90.88661255380859,115.89285714285714,272.42857142857144,84.28571428571429,129.0502444713976,168.82142857142858,383.7142857142857,82.6514880952381,7.546783692601609,69.1,76.42142857142858,mean
9.928571428571429,143.0,1.72,251.0,111.8,9.800595238095239,2.3505044482121,47.55119047619048,9.957142857142856,32.653571428571425,45.878571428571426,64.20714285714286,85.78571428571429,55.28273809523809,92.17995499939914,98.89285714285714,266.85714285714283,49.25,76.39696655647347,94.64285714285714,227.0,67.30059523809523,105.41433286199607,121.57142857142857,319.57142857142856,86.44970238095239,6.518931470492275,74.17142857142858,81.91071428571429,mean
21.3,143.0,1.72,251.0,111.8,7.75,2.280603851409719,34.35327380952381,2.0571428571428574,17.557142857142857,32.471428571428575,52.42142857142857,73.52857142857144,87.90773809523809,169.39391326598874,105.96428571428571,537.5714285714286,59.0,97.95369652870592,98.42857142857143,306.14285714285717,89.58928571428571,154.70198740981763,130.07142857142858,504.57142857142856,81.76488095238095,9.638380865690284,64.81428571428572,74.44285714285715,mean
14.042857142857143,143.0,1.72,251.0,111.8,3.5,2.1593789639123377,50.98898809523809,1.7,36.06785714285714,55.38571428571429,65.49642857142857,82.37142857142858,49.75595238095239,105.5937306604743,53.75,373.42857142857144,41.223214285714285,67.70566824826726,69.35714285714286,207.57142857142858,58.842261904761905,101.4714811153359,83.10714285714286,331.85714285714283,88.11815476190476,6.622746117627998,74.68571428571428,84.13214285714285,mean
7.142857142857143,143.0,1.72,251.0,111.8,1.8316965884098,1.1687304849493239,58.70709874175234,20.414285714285715,43.58571428571429,59.464285714285715,75.26071428571429,90.35714285714286,21.861340852130326,63.83053020116255,0.0,289.14285714285717,29.573378599560126,50.54987920482778,47.035714285714285,174.57142857142858,36.64324011559511,68.23808058880543,48.82142857142857,271.42857142857144,87.81721798117744,5.92980890812335,76.88571428571429,83.12857142857142,mean
4.2,143.0,1.72,251.0,111.8,2.75,1.1467426257680267,62.745535714285715,22.457142857142856,51.767857142857146,65.16428571428571,75.92142857142858,90.21428571428571,10.99702380952381,30.638736316068616,0.0,138.71428571428572,26.586309523809522,45.809402842368854,39.857142857142854,145.71428571428572,30.1875,54.96436505038694,40.214285714285715,193.57142857142858,90.83035714285714,3.236260968109773,84.68571428571428,88.58571428571429,mean
8.085714285714285,143.0,1.72,251.0,111.8,6.422619047619047,1.5875806716470504,52.46875,3.057142857142857,31.339285714285715,57.57142857142857,73.53571428571429,90.45714285714287,23.547619047619044,65.63080631177748,0.0,289.14285714285717,29.928571428571427,52.787612264755246,47.464285714285715,185.28571428571428,38.610119047619044,74.54594823573272,52.392857142857146,294.14285714285717,89.50625000000001,4.516288291178891,81.94285714285715,86.46785714285714,mean
4.8999999999999995,143.0,1.72,251.0,111.8,7.247023809523809,1.2666072873018979,64.17142857142856,18.185714285714287,48.11785714285714,68.52857142857142,81.84285714285714,89.67142857142858,18.758928571428573,57.20862447657688,0.0,247.85714285714286,25.633928571428573,46.968793890256656,36.357142857142854,163.71428571428572,32.285714285714285,65.36499476900731,36.0,258.2857142857143,86.60982142857142,4.620892490047504,78.39999999999999,82.92499999999998,mean
4.54,143.0,1.72,251.0,111.8,3.8166666666666664,1.358224662282924,66.52000000000001,17.34,52.510000000000005,74.01,82.9,90.42,7.295833333333334,23.6268086288055,0.0,126.6,27.004166666666663,46.8974087303777,43.75,151.4,29.204166666666662,52.439802412841985,44.5,185.8,82.84166666666667,5.202907295100376,72.66,79.045,mean
3.55,143.0,1.72,251.0,111.8,1.6041666666666665,1.1101481535545756,61.625,22.349999999999998,53.9125,61.824999999999996,69.9625,90.3,16.177083333333332,51.73057130490111,0.0,293.5,29.4375,51.02264781333414,49.25,174.0,35.229166666666664,66.70409330740884,52.125,270.5,89.31979166666667,5.5565557988392875,79.0,85.3625,mean
7.299999999999999,143.0,1.72,251.0,111.8,1.0357142857142858,0.6131356896160304,55.7125,24.87142857142857,44.660714285714285,54.714285714285715,67.50357142857142,83.10000000000001,37.3095238095238,64.66684271820074,76.10714285714286,207.42857142857142,28.952380952380956,48.6319331239003,49.214285714285715,157.42857142857142,42.57440476190476,71.99777866414726,75.64285714285714,237.42857142857142,89.37470238095239,5.16836488082763,79.82857142857142,85.57142857142857,mean
24.12857142857143,143.0,1.72,251.0,111.8,-0.48511904761904756,1.610631370238511,44.30565476190476,12.728571428571428,31.95,44.48571428571429,57.71071428571429,82.37142857142858,72.1815476190476,127.35695474127182,126.14285714285714,379.14285714285717,42.88690476190476,72.23896740935719,67.53571428571429,213.14285714285714,69.2797619047619,118.77491090991717,103.85714285714286,357.42857142857144,86.47410714285715,5.418180130808994,74.81428571428572,82.87857142857142,mean
6.742857142857143,143.0,1.72,251.0,111.8,4.544642857142857,1.8198640851258978,68.70208333333333,22.085714285714285,57.99285714285714,70.39285714285714,85.04285714285713,94.71428571428571,7.994047619047619,29.036443174669348,0.0,145.57142857142858,31.50595238095238,53.18790974604394,52.642857142857146,184.71428571428572,33.87797619047619,61.10557007865215,51.07142857142857,233.14285714285714,79.91190476190476,6.401491599297926,68.91428571428571,75.10714285714286,mean
12.085714285714285,143.0,1.72,251.0,111.8,4.556547619047619,1.3497809509238472,63.63720238095238,18.942857142857143,46.482142857142854,66.67857142857143,81.62142857142858,93.02857142857144,34.357142857142854,70.91036076416438,30.857142857142858,265.14285714285717,42.18154761904761,70.63368865279789,67.07142857142857,223.42857142857142,54.086309523809526,92.65180019796219,89.32142857142857,302.42857142857144,84.32440476190477,5.2915187978019205,75.52857142857144,80.22857142857143,mean
4.1571428571428575,143.0,1.72,251.0,111.8,7.806547619047619,1.3201095239779885,65.29077380952381,26.414285714285715,51.55714285714286,67.97857142857143,80.81071428571428,91.71428571428571,13.833333333333332,32.38600302958453,1.5714285714285714,139.14285714285714,33.160714285714285,52.68100166095018,59.214285714285715,173.14285714285714,37.13392857142857,60.9446653035756,59.5,209.71428571428572,90.46517857142855,3.9132959510675227,83.47142857142856,87.04285714285713,mean
29.24285714285714,143.0,1.72,251.0,111.8,-2.830357142857143,1.6682597195183604,39.43154761904761,12.757142857142856,29.639285714285712,35.971428571428575,49.68214285714286,71.67142857142856,80.10416666666664,120.49646009381316,168.32142857142858,345.2857142857143,62.24107142857142,92.26584773002944,137.07142857142858,261.57142857142856,87.11309523809526,128.3720623146876,202.32142857142858,374.2857142857143,78.42261904761905,5.9965081352204095,69.17142857142856,73.66428571428571,mean
30.385714285714283,143.0,1.72,251.0,111.8,5.011904761904761,3.597395639470346,38.55238095238095,4.085714285714285,18.07857142857143,37.128571428571426,55.38928571428572,89.88571428571429,154.71130952380955,241.52667487808552,288.5,687.5714285714286,99.74404761904762,148.2071483040497,204.32142857142858,429.14285714285717,146.77083333333331,222.39152384186664,281.07142857142856,655.2857142857143,74.85922619047619,10.544047170470881,55.84285714285714,66.0,mean
46.41428571428571,143.0,1.72,251.0,111.8,9.336309523809524,4.188669467989371,13.40327380952381,0.0,4.625,10.978571428571428,17.889285714285716,47.728571428571435,158.36904761904762,224.29482134678042,350.2142857142857,595.8571428571429,112.97321428571429,165.63961047991197,223.82142857142858,460.42857142857144,159.46130952380955,235.01716494234884,313.92857142857144,659.1428571428571,71.20267857142858,13.275592869578874,47.642857142857146,58.635714285714286,mean
43.31428571428571,143.0,1.72,251.0,111.8,5.888221830085418,3.5176904694656463,29.42370908137691,6.428571428571429,22.114285714285717,28.821428571428573,35.03928571428571,65.97142857142858,188.42132116004296,239.57605242010484,435.4642857142857,603.7142857142857,117.24002928238964,163.83044792318287,242.17857142857142,468.42857142857144,165.2726919339164,229.0214368557692,348.5357142857143,654.2857142857143,69.6098403534346,12.789847203579361,48.300000000000004,58.78214285714286,mean
32.385714285714286,143.0,1.72,251.0,111.8,5.851190476190475,2.7248722940610657,42.202380952380956,7.857142857142857,30.49285714285714,40.9,56.228571428571435,76.98571428571428,120.41964285714286,182.58675123195707,232.21428571428572,533.4285714285714,113.15476190476191,157.69905651602588,231.89285714285714,462.85714285714283,143.98214285714286,206.11967541409564,290.7142857142857,620.5714285714286,69.61101190476191,11.491853953232873,51.05714285714286,59.839285714285715,mean
26.671428571428574,143.0,1.72,251.0,111.8,3.720238095238095,1.6030672322874975,45.325892857142854,5.457142857142856,27.142857142857142,46.635714285714286,65.575,82.28571428571429,92.21130952380953,173.39172485374746,120.28571428571429,654.7142857142857,108.41964285714286,155.26999402771057,188.85714285714286,540.7142857142857,127.45238095238093,191.66927083433504,214.82142857142858,706.0,79.8125,8.618269758960716,65.2,72.68214285714285,mean
30.25714285714286,143.0,1.72,251.0,111.8,7.342261904761905,3.299110229319172,30.994642857142853,1.0142857142857142,15.817857142857141,28.392857142857142,44.15,69.32857142857144,135.05357142857142,208.56489111181847,239.92857142857142,627.7142857142857,136.6220238095238,178.88685200760912,271.57142857142856,528.0,162.70238095238093,221.46239376433206,312.75,673.2857142857143,67.06696428571429,12.566939128848606,48.17142857142857,55.42142857142857,mean
56.15714285714286,143.0,1.72,251.0,111.8,12.202380952380953,4.857132463607528,8.14642857142857,0.0,0.0,1.2571428571428573,11.367857142857144,42.9,325.5952380952381,373.2727212780131,733.4285714285714,890.2857142857143,224.19047619047615,278.8678714064608,474.2142857142857,733.5714285714286,282.1190476190476,358.0850593697664,589.3928571428571,950.4285714285714,55.77767857142857,15.138074623640136,33.357142857142854,41.521428571428565,mean
30.7,143.0,1.72,251.0,111.8,6.309523809523809,3.527432323346374,39.351488095238096,2.6714285714285713,22.642857142857142,40.392857142857146,55.13928571428572,75.25714285714285,114.25297619047618,190.2050753856292,166.21428571428572,636.7142857142857,146.55059523809524,197.32869478349488,268.9642857142857,614.0,163.4047619047619,227.9806143012668,284.64285714285717,742.8571428571429,61.735416666666666,12.378955933247386,42.785714285714285,50.775,mean
33.471428571428575,143.0,1.72,251.0,111.8,5.666666666666666,3.162820204917235,30.086309523809522,4.014285714285714,12.653571428571428,27.914285714285715,44.43214285714286,71.84285714285714,174.05357142857142,254.18623856545227,335.5357142857143,747.7142857142857,187.41071428571428,230.11878390413293,374.75,661.0,208.2470238095238,265.61837719723883,403.85714285714283,784.4285714285714,67.01309523809525,15.33498359710956,45.17142857142857,52.68214285714286,mean
37.728571428571435,143.0,1.72,251.0,111.8,9.99702380952381,3.9836558723150577,19.892559523809524,0.7571428571428571,9.303571428571429,14.707142857142857,29.067857142857143,55.628571428571426,261.28273809523813,286.2595068290107,549.9642857142857,700.1428571428571,220.4494047619048,257.6281554232405,453.89285714285717,699.0,247.68452380952382,301.3768732246005,509.0,827.1428571428571,62.77589285714286,15.589934254512858,40.300000000000004,48.614285714285714,mean
31.6,143.0,1.72,251.0,111.8,10.594266917293234,3.57892678025117,30.685645363408522,8.742857142857142,19.0,25.72142857142857,40.607142857142854,69.8,222.32142857142858,243.62556351830577,453.39285714285717,603.1428571428571,204.3031328320802,238.41920897993583,407.32142857142856,661.2857142857143,223.59564536340852,271.4612406091566,443.60714285714283,763.2857142857143,60.93125626566416,13.551592023177005,41.74285714285714,48.425000000000004,mean
24.47142857142857,143.0,1.72,251.0,111.8,9.744655004859087,2.815425083411886,38.82125850340136,3.742857142857143,19.75357142857143,39.300000000000004,55.18214285714286,81.82857142857142,142.30855199222546,219.72318514160742,262.7142857142857,699.4285714285714,181.41120019436343,211.29481533126477,321.0357142857143,633.8571428571429,187.06000971817298,229.4334035914053,318.7857142857143,711.8571428571429,67.29523809523809,15.238614997054018,47.614285714285714,53.324999999999996,mean
17.04285714285714,143.0,1.72,251.0,111.8,13.410714285714286,2.7588966718389334,48.547619047619044,12.857142857142858,30.62857142857143,47.107142857142854,64.28928571428571,90.01428571428572,83.01488095238095,129.67699902811114,131.10714285714286,423.57142857142856,140.13095238095238,163.29241619043592,261.2142857142857,547.0,142.03869047619045,171.70705931980282,258.07142857142856,592.2857142857143,76.23541666666667,11.556646048586078,57.92857142857143,65.875,mean
21.52857142857143,143.0,1.72,251.0,111.8,12.06547619047619,2.1369753408372696,46.331845238095234,8.485714285714286,31.589285714285715,46.857142857142854,61.24285714285714,83.25714285714285,94.3125,175.42097686419876,106.75,644.4285714285714,176.75595238095235,206.92155712956213,330.60714285714283,672.7142857142857,177.79166666666666,215.37772011953373,324.4642857142857,730.8571428571429,75.26636904761905,10.675075526821754,57.74285714285714,66.175,mean
25.52857142857143,143.0,1.72,251.0,111.8,12.6875,3.0011745564145826,36.316964285714285,7.257142857142857,21.135714285714283,32.07142857142857,50.857142857142854,74.07142857142857,187.29464285714286,230.4563488296012,325.35714285714283,694.8571428571429,224.22916666666666,249.56374606320375,427.0,755.4285714285714,226.375,265.4804260266249,428.07142857142856,821.1428571428571,68.74464285714285,14.004120639852042,48.07142857142857,55.29642857142857,mean
1.1,143.0,1.72,251.0,111.8,2.4791666666666665,1.2202124567944357,42.45744680851064,0.0,21.3,53.8,60.7,80.2,18.85106382978724,79.68306206012947,0.0,389.0,33.5,54.264129447369285,60.25,153.0,38.25,62.563839736330046,58.75,248.0,89.77291666666667,4.020381915276317,80.6,86.6,median
0.9,143.0,1.72,251.0,111.8,2.895833333333333,0.9562689760783464,68.20416666666667,8.7,54.4,69.19999999999999,84.0,95.9,0.0,0.0,0.0,0.0,21.104166666666668,35.81408232675802,40.5,111.0,20.354166666666668,34.56938110422398,39.25,107.0,89.04791666666667,3.671799276795769,82.2,86.52499999999999,median
13.05,143.0,1.72,251.0,111.8,3.520833333333333,1.8265078314416519,35.28645833333333,0.25,11.8375,34.05,56.537499999999994,77.35,43.625,111.96193408179637,0.0,532.5,41.04166666666667,73.48910943168278,54.875,265.5,56.71875,109.79738316066127,65.25,466.5,82.41979166666667,7.426738411334959,69.65,77.75,median
2.7,143.0,1.72,251.0,111.8,-1.8958333333333333,1.378501344738847,51.74375,0.0,43.95,62.05,69.375,85.0,0.1666666666666666,1.1547005383792517,0.0,8.0,26.0625,41.873670191650845,49.0,133.0,27.77083333333333,42.62565383953925,50.5,148.0,83.05416666666666,3.215602890649695,74.8,80.25,median
4.0,143.0,1.72,251.0,111.8,2.395833333333333,1.5839397868059724,66.16250000000001,0.2,53.925,74.1,83.175,92.6,3.8958333333333335,20.03639197924864,0.0,126.0,32.5625,57.28793766071911,69.5,228.0,31.95833333333333,61.9386564523365,67.25,274.0,82.31041666666667,4.201265745611464,70.5,77.875,median
21.6,143.0,1.72,251.0,111.8,2.5625,1.900797704884352,28.7875,0.0,1.0499999999999998,30.95,57.375,79.1,76.22916666666667,175.35644423704815,22.75,675.0,76.875,120.1457669630892,143.0,361.0,102.89583333333331,173.66208807144216,166.0,598.0,78.44166666666666,9.92091399894526,61.9,69.10000000000001,median
48.8,143.0,1.72,251.0,111.8,4.645833333333333,4.247443953937941,3.189583333333333,0.0,0.0,0.0,0.0,52.6,257.6666666666667,351.0329640418001,641.0,829.0,116.625,172.1772497142086,246.0,468.0,196.75,284.8330231272873,432.25,758.0,71.68333333333334,13.649570694415411,46.8,61.6,median
38.0,143.0,1.72,251.0,111.8,6.583333333333333,3.312345272714449,17.19375,0.0,0.0,9.75,27.75,63.2,188.5208333333333,282.53472688709104,401.5,809.0,119.5625,175.10348384081763,227.75,499.0,177.14583333333334,263.69639131163734,362.5,771.0,74.26666666666667,13.437118953858445,49.3,57.525,median
49.4,143.0,1.72,251.0,111.8,8.770833333333334,4.805388154889148,10.166666666666666,0.0,0.0,0.0,10.175,48.9,277.4791666666667,383.4995625165101,704.0,896.0,144.125,202.43148630817333,316.5,542.0,223.79166666666663,314.83281333846054,495.25,829.0,63.0625,11.08433799371281,36.3,48.825,median
13.8,143.0,1.72,251.0,111.8,9.673469387755102,1.5030670398607604,56.825,2.2,46.875,58.1,73.0,84.5,28.020408163265305,95.61587424775902,0.0,503.0,65.48979591836735,127.07430937070176,102.25,419.0,73.77551020408163,153.98826596342258,98.25,534.0,68.10833333333333,7.711658473923729,54.9,61.275,median
26.2,143.0,1.72,251.0,111.8,6.833333333333333,1.1227815005032546,41.020833333333336,0.0,13.225,43.35,75.35,92.9,81.0625,168.39577742511818,16.5,701.0,109.89583333333331,164.9430148211735,160.0,538.0,141.10416666666666,198.6582909873489,162.75,699.0,70.49374999999999,7.496835916496053,57.7,62.825,median
46.9,143.0,1.72,251.0,111.8,8.083333333333334,5.057777873856917,5.216666666666667,0.0,0.0,0.0,0.025,42.5,349.7291666666667,393.2133977275982,795.5,911.0,206.85416666666663,264.8180418729405,447.75,691.0,280.2708333333333,360.4705399821675,604.0,942.0,65.51666666666667,18.24852029365125,36.6,46.325,median
42.7,143.0,1.72,251.0,111.8,8.895833333333334,4.579043769606448,2.764583333333333,0.0,0.0,0.0,0.0,36.9,220.66666666666663,332.0062376582278,498.0,899.0,186.7708333333333,249.39023154216065,402.25,709.0,233.5208333333333,321.8124095655023,501.25,935.0,63.7625,16.56435065935147,40.1,51.725,median
27.1,143.0,1.72,251.0,111.8,8.5,4.167535370435359,34.56041666666667,0.0,16.875,36.5,50.525,68.9,102.0625,224.1336423379132,20.5,819.0,170.66666666666666,237.14546512890703,288.5,726.0,190.5833333333333,282.7643807756928,280.25,928.0,77.10416666666667,14.7118222109281,49.6,58.45,median
12.1,143.0,1.72,251.0,111.8,9.354166666666666,1.923630580420544,53.02291666666667,0.0,35.6,58.75,69.6,85.8,8.3125,26.83293962532189,0.0,139.0,109.625,138.81897365565166,185.5,418.0,109.5625,135.4846239738419,178.5,417.0,79.23541666666667,8.952534161219463,63.2,69.25,median
40.0,143.0,1.72,251.0,111.8,13.291666666666666,5.40816299221414,1.1333333333333333,0.0,0.0,0.0,0.0,18.0,354.1875,373.9206683554738,763.25,874.0,261.9166666666667,309.4795791794315,552.0,799.0,308.7708333333333,377.3142625825678,650.75,983.0,68.28125,14.899447845450222,42.2,54.35,median
27.5,143.0,1.72,251.0,111.8,14.083333333333334,5.511432347840506,27.4,0.0,8.275,32.599999999999994,41.6,71.3,148.0,241.2520743672991,11.0,797.0,196.5,239.22220949189563,365.5,795.0,209.04166666666663,269.88208286672585,363.0,945.0,70.89583333333333,15.539658712719572,38.4,56.375,median
18.5,143.0,1.72,251.0,111.8,10.8125,2.8208161134854737,35.2625,0.0,0.15,33.8,73.3,86.6,128.5,224.9073568137249,117.25,777.0,167.40816326530611,227.7174395374749,290.75,750.0,176.22448979591837,254.92115924159376,280.75,857.0,78.89791666666666,14.38292180734888,55.0,66.575,median
18.9,143.0,1.72,251.0,111.8,10.604166666666666,2.483902072052379,38.50208333333333,0.0,6.4,38.65,54.3,83.9,67.89583333333333,146.05484342271586,44.0,691.0,172.04166666666666,185.977387476226,270.25,723.0,168.54166666666666,194.9662091107981,259.75,805.0,78.00416666666666,11.380759394573063,57.5,66.89999999999999,median
30.9,143.0,1.72,251.0,111.8,10.833333333333334,3.625168130119099,7.475,0.0,0.0,0.0,10.15,47.2,290.9166666666667,358.775970221684,654.25,923.0,292.6041666666667,327.8229763333509,599.25,890.0,311.6458333333333,365.08422167828576,636.5,1015.0,63.56041666666667,14.668521199643717,43.4,49.150000000000006,median
23.5,143.0,1.72,251.0,111.8,15.0,3.20460661331454,23.06875,0.0,1.7,16.700000000000003,33.625,91.0,182.6458333333333,266.884756785125,331.0,767.0,240.9583333333333,251.41590179175,450.25,716.0,239.10416666666663,260.0191678354578,441.75,783.0,70.825,15.200578563083784,55.1,59.375,median
24.2,143.0,1.72,251.0,111.8,15.916666666666666,4.082862905308738,16.685416666666665,0.0,0.0,7.9,33.625,65.1,242.97916666666663,328.2507143505269,627.0,870.0,269.3958333333333,293.0445278475925,536.25,815.0,272.9375,313.02215313147383,529.25,897.0,69.34791666666666,16.766455741168656,44.9,53.5,median
26.5,143.0,1.72,251.0,111.8,21.3125,4.07895263639198,17.675,0.0,0.0,0.9,26.95,79.6,350.5625,360.0275403177291,704.5,857.0,315.2291666666667,335.53077394772214,660.5,890.0,318.1875,363.7565669266598,686.75,988.0,60.26875,15.700076653153433,37.3,41.225,median
15.5,143.0,1.72,251.0,111.8,16.625,2.8756744506461955,35.77291666666667,0.0,13.4,36.150000000000006,57.125,87.2,66.22916666666667,157.7592077878308,8.75,655.0,171.5,192.2471813145885,282.0,684.0,165.66666666666666,192.1571091839412,272.75,718.0,72.37291666666667,12.58455215787134,52.2,62.625,median
23.5,143.0,1.72,251.0,111.8,20.0,3.080480758279079,19.383333333333333,0.0,0.0,17.75,34.875,53.7,314.1041666666667,343.3729124487634,703.75,828.0,307.75,328.0808475866756,543.0,862.0,310.0833333333333,356.0754063895188,525.5,944.0,68.11666666666666,15.61193950609096,46.2,51.525,median
26.3,143.0,1.72,251.0,111.8,25.229166666666668,5.039163994043579,2.2729166666666667,0.0,0.0,0.0,0.0,27.6,389.6666666666667,369.38979776793445,773.5,852.0,334.25,345.38652414914776,665.25,891.0,340.6041666666667,374.2950104875652,687.25,982.0,62.75833333333333,16.52487272083257,38.4,45.975,median
27.6,143.0,1.72,251.0,111.8,23.354166666666668,4.549959083285745,4.785416666666666,0.0,0.0,0.0,1.475,37.9,411.59183673469386,381.5536178118432,806.25,888.0,341.2083333333333,352.8264439589777,685.75,911.0,344.9375,386.6967052312893,710.5,1010.0,45.0734693877551,14.437621218974591,26.7,32.7,median
22.8,143.0,1.72,251.0,111.8,18.45833333333333,2.8970974714125948,33.98125,0.0,0.475,29.6,45.3,79.1,96.60416666666669,202.44160242800152,69.25,822.0,201.4583333333333,228.57538679133523,368.0,796.0,201.10416666666663,236.58406715866,356.5,871.0,60.40625,12.67908032998389,42.5,48.15,median
26.3,143.0,1.72,251.0,111.8,20.83333333333333,5.129527925412693,17.056250000000002,0.0,1.125,14.65,26.275,60.2,214.0208333333333,277.79829584387096,432.0,781.0,258.8541666666667,283.01620054248406,523.25,760.0,265.0,301.8323444967374,528.0,825.0,59.09166666666667,18.532007484847394,36.0,44.7,median
28.7,143.0,1.72,251.0,111.8,26.625,5.05852275691921,13.53125,0.0,0.0,7.2,26.8,44.5,334.5,350.9993029028659,698.0,834.0,298.7291666666667,320.5841569454067,555.0,865.0,308.0,355.28657896336216,571.0,977.0,46.18125,18.377116199847432,24.0,28.925,median
25.6,143.0,1.72,251.0,111.8,20.875,3.5877426277703584,22.047916666666666,0.0,0.0,10.3,42.2,73.6,170.66666666666666,261.75810984069983,304.75,800.0,232.2708333333333,284.23341908512924,436.5,838.0,246.8125,313.50016684194776,441.75,957.0,60.15625,16.67315281591022,36.5,42.575,median
29.0,143.0,1.72,251.0,111.8,22.375,3.698703529808581,23.914583333333336,0.0,8.875,21.5,40.4,66.9,155.39583333333334,244.19871046964084,322.25,782.0,230.6458333333333,264.92869290187315,435.75,801.0,241.3125,290.3323106727313,441.75,916.0,69.81041666666667,16.382098510134316,44.7,57.225,median
26.3,143.0,1.72,251.0,111.8,17.979166666666668,3.052728113699321,27.2625,0.0,1.8,15.6,44.65,89.7,159.60416666666666,282.56927146057274,324.0,826.0,206.35416666666663,268.7204511217258,358.25,733.0,225.04166666666663,302.4626317696473,355.5,840.0,68.34375,13.286499139997831,48.8,58.825,median
38.5,143.0,1.72,251.0,111.8,19.83333333333333,4.668771688358105,18.85,0.0,0.0,0.3,41.875,56.4,292.375,340.50803655860005,691.75,849.0,259.8958333333333,302.355591666595,549.5,801.0,297.8958333333333,358.9772848608938,631.5,952.0,71.33333333333333,14.35490130545528,45.0,55.45,median
38.3,143.0,1.72,251.0,111.8,23.64583333333333,4.824168983667422,0.8604166666666666,0.0,0.0,0.0,0.0,22.0,326.0833333333333,351.46738938039806,717.5,804.0,249.91666666666663,294.7202664578615,523.0,761.0,293.0833333333333,353.38592208671525,613.25,921.0,61.7,17.08800749063506,36.1,45.775,median
35.7,143.0,1.72,251.0,111.8,17.104166666666668,3.259941151624785,15.91875,0.0,0.0,12.4,28.075,53.6,133.14583333333334,221.1507610911744,162.75,823.0,191.125,243.3944897888497,375.0,726.0,215.16666666666663,289.67710074328534,387.75,895.0,58.98541666666667,14.236373197149293,40.1,47.35,median
38.9,143.0,1.72,251.0,111.8,15.3125,4.250156442677616,20.4,0.0,0.0,8.2,40.0,78.7,236.4583333333333,330.86623628296786,491.75,834.0,196.5208333333333,247.70447442251864,379.75,681.0,236.22916666666663,311.3447725205717,457.5,874.0,72.42291666666667,14.23884019277767,51.0,59.1,median
48.0,143.0,1.72,251.0,111.8,14.8125,4.835182453817242,2.5791666666666666,0.0,0.0,0.0,0.0,49.2,347.2708333333333,387.7024333966736,783.0,885.0,211.1875,264.8243622085191,460.25,692.0,276.2083333333333,350.34359780767033,598.5,916.0,58.725,16.02900296868813,35.3,41.775000000000006,median
9.3,143.0,1.72,251.0,111.8,15.770833333333334,1.955964690974872,48.92291666666667,0.0,22.1,57.0,69.975,90.8,6.0,35.8050275799363,0.0,247.0,75.97916666666667,103.13583061544416,163.25,413.0,75.25,106.42538091135808,157.25,498.0,82.56041666666667,9.917220989930629,66.3,76.475,median
14.7,143.0,1.72,251.0,111.8,13.06122448979592,2.483902072052381,43.78125,0.0,5.5,54.45,72.9,84.0,26.1875,88.14124454171102,0.0,411.0,74.3578947368421,113.9975658371586,108.25,432.0,74.98947368421052,118.6135773808452,104.5,486.0,80.97916666666667,9.838784701230292,60.2,69.9,median
10.7,143.0,1.72,251.0,111.8,12.5,1.9460817152815544,44.72291666666666,0.0,36.9,53.85,63.0,88.7,6.354166666666667,27.537587143280344,0.0,137.0,75.52083333333333,106.07216030367891,112.25,324.0,78.47916666666667,103.03438582881236,113.5,313.0,83.01666666666667,6.023328981657619,72.8,79.625,median
13.2,143.0,1.72,251.0,111.8,14.479166666666666,1.9460817152815533,59.33125,0.0,49.55,56.95,72.225,89.9,25.916666666666668,101.31073609557356,0.0,562.0,70.29166666666667,118.98631395165336,104.0,376.0,77.95833333333333,146.9311545738247,100.75,553.0,79.08333333333333,9.970644857041504,67.6,69.675,median
15.4,143.0,1.72,251.0,111.8,13.5625,2.093132980428828,46.18541666666667,0.0,29.55,54.75,65.375,83.7,18.375,73.6309442927823,0.0,382.0,68.02083333333333,99.81184204320016,119.25,329.0,70.3125,106.63123095460172,115.0,403.0,89.4875,6.93543552759643,75.3,83.75,median
6.0,143.0,1.72,251.0,111.8,8.6875,1.848902300369616,69.94583333333334,11.9,59.525,72.1,90.8,96.8,2.0,13.856406460551018,0.0,96.0,50.833333333333336,77.36411101899165,89.75,244.0,49.083333333333336,74.73437596149853,88.0,236.0,83.75,6.255405818198739,76.2,78.89999999999999,median
5.2,143.0,1.72,251.0,111.8,9.145833333333334,1.286695420984694,51.145833333333336,0.0,36.5,53.8,71.4,92.4,4.333333333333333,16.94588801353815,0.0,84.0,49.895833333333336,76.73059795883626,94.75,258.0,49.895833333333336,77.74733752938296,91.5,301.0,85.06458333333333,6.170637618352035,75.0,80.575,median
7.6,143.0,1.72,251.0,111.8,4.104166666666667,1.7763966635813575,42.68333333333334,0.0,0.0,48.5,64.77499999999999,88.2,15.645833333333334,53.43238253667994,0.0,278.0,45.35416666666666,79.37561916885889,83.75,279.0,50.22916666666666,91.04505304736313,89.0,360.0,85.46666666666665,7.588017803379031,72.5,80.225,median
3.7,143.0,1.72,251.0,111.8,4.229166666666667,1.2026492623483167,57.11041666666667,1.8,48.2,54.8,70.775,88.0,1.1875,5.902239928214776,0.0,39.0,30.5,46.85196242398735,58.75,161.0,29.791666666666668,46.07346507912296,59.0,156.0,90.19375,3.278621921193074,84.0,87.225,median
14.2,143.0,1.72,251.0,111.8,7.416666666666667,1.878277277697544,53.32083333333333,0.0,38.5,63.150000000000006,70.525,89.5,41.708333333333336,123.63225467960665,0.0,611.0,43.16666666666666,82.10354990986332,50.0,306.0,59.04166666666666,125.46169345590188,48.0,535.0,88.93958333333335,5.269603303060984,77.1,84.825,median
26.0,143.0,1.72,251.0,111.8,1.816326530612245,2.044604558690614,19.76530612244898,0.0,0.0,0.0,22.7,84.0,110.02083333333331,214.2748771111372,41.5,695.0,56.625,98.38907243422962,85.75,296.0,99.625,182.1768634444783,104.75,564.0,84.45416666666667,6.704756435937724,73.4,82.17500000000001,median
4.3,143.0,1.72,251.0,111.8,5.270833333333333,1.4285587638749673,65.36041666666667,0.0,54.9,72.15,93.675,96.6,0.0,0.0,0.0,0.0,20.52083333333333,38.02965784603544,30.75,126.0,19.791666666666668,36.70408310136703,29.75,122.0,82.25833333333334,5.410581961593477,72.5,77.6,median
9.9,143.0,1.72,251.0,111.8,8.458333333333334,2.0101691823933545,35.666666666666664,0.0,1.4249999999999998,33.55,63.85,94.0,27.125,71.10843532569174,0.0,302.0,31.541666666666668,59.99218329697285,36.25,191.0,42.35416666666666,87.32075612564637,35.0,344.0,87.93124999999999,5.206801334969871,77.3,85.275,median
6.3,143.0,1.72,251.0,111.8,7.395833333333333,1.1803278183899797,44.53125,0.0,10.35,58.7,72.75,89.4,9.0625,47.78204338674483,0.0,326.0,28.33333333333333,49.62940674826164,39.25,178.0,27.916666666666668,50.81406447959236,40.0,227.0,85.24374999999999,3.411097346365666,79.3,84.275,median
7.1,143.0,1.72,251.0,111.8,0.3125,2.174868545795208,15.945833333333333,0.0,0.0,0.0,24.25,68.4,19.916666666666668,64.3321941618173,0.0,348.0,25.39583333333333,38.95482357990912,60.5,109.0,31.3125,49.1303763773363,74.25,186.0,88.28750000000001,6.862486354932237,73.7,86.05,median
3.4,143.0,1.72,251.0,111.8,3.4895833333333335,1.8854581928688106,31.096875,0.0,8.65,26.825000000000003,61.212500000000006,79.2,8.03125,36.50984273888607,0.0,234.0,25.791666666666664,44.0916393023806,42.375,170.0,27.677083333333336,50.64600728316339,45.125,211.5,88.29270833333334,3.5603901935036113,81.25,86.175,median
3.8,143.0,1.72,251.0,111.8,4.1875,1.9459678260808533,25.32708333333333,0.0,0.0,15.95,51.35,79.6,13.875,49.92872579562258,0.0,271.0,32.333333333333336,54.15369184483669,52.5,172.0,34.375,58.65319094909192,51.75,211.0,86.40208333333334,6.060364195689648,74.5,83.05,median
14.5,143.0,1.72,251.0,111.8,6.0625,2.4048377660148024,27.160416666666663,0.0,0.0,25.5,51.75,76.1,48.79166666666666,155.6684909608049,0.0,643.0,38.1875,64.46726243243087,58.0,239.0,54.66666666666666,110.2483334815588,60.5,452.0,82.30624999999999,6.784446843452395,72.5,78.3,median
13.4,143.0,1.72,251.0,111.8,0.7916666666666666,1.912537952156693,18.060416666666665,0.0,0.0,0.0,36.35,64.5,37.958333333333336,109.11402553006596,0.0,421.0,53.083333333333336,92.95957330745202,70.75,298.0,68.0,133.15196884954665,68.5,472.0,89.95833333333333,5.90275659848794,77.7,87.35,median
1.4,143.0,1.72,251.0,111.8,7.145833333333333,1.2714472125040812,44.8125,0.0,17.525000000000002,62.05,73.475,93.0,42.79166666666666,122.5196394735864,0.0,481.0,40.125,68.55270530223676,56.25,247.0,53.72916666666666,102.42002372029236,58.75,376.0,82.48958333333333,5.344948151729893,76.4,80.95,median
3.1,143.0,1.72,251.0,111.8,3.8020833333333335,2.815605001337997,15.019791666666666,0.0,0.0,1.325,37.875,57.3,150.79166666666666,266.31258716779405,218.0,787.5,89.10416666666669,136.80460898113927,174.25,413.5,137.84375,219.57295883552797,248.5,688.0,78.21145833333333,9.436643201022699,58.55,71.8125,median
2.8,143.0,1.72,251.0,111.8,6.479166666666667,1.7400935411393532,39.13125,0.0,15.325,43.35,65.95,86.3,94.02083333333331,201.5762871885917,7.25,633.0,79.1875,128.899157901832,129.75,427.0,108.91666666666669,195.0945033777912,139.0,668.0,74.23958333333333,9.350998116786345,58.5,66.1,median
3.7,143.0,1.72,251.0,111.8,7.645833333333333,2.29669821592552,50.97083333333333,0.0,26.15,50.05,66.6,91.6,73.8125,203.9732623539643,2.5,783.0,77.45833333333333,121.36773548316728,144.25,385.0,95.77083333333331,169.63828853230692,153.0,594.0,68.19791666666667,9.025395366676335,48.7,59.85,median
2.2,143.0,1.72,251.0,111.8,8.145833333333334,1.829137687778332,51.24375,0.0,41.725,59.650000000000006,78.65,92.6,8.208333333333334,33.06665710435117,0.0,225.0,59.75,94.02251880562017,84.25,344.0,59.97916666666666,99.35654463090444,85.0,414.0,79.35208333333334,7.755381339193603,66.4,68.525,median
2.4,143.0,1.72,251.0,111.8,6.0625,1.6792045411909962,59.00833333333333,0.0,40.875,69.85,78.85,93.4,27.33333333333333,104.1423602847264,0.0,624.0,63.833333333333336,81.15399947757147,135.25,241.0,66.41666666666667,87.17086018417064,137.25,319.0,77.8,8.532114707560986,60.4,68.75,median
4.5,143.0,1.72,251.0,111.8,7.625,1.9853184534734285,38.82708333333333,0.0,6.8,40.65,69.47500000000001,89.6,67.91666666666667,175.02350399404818,16.0,767.0,117.10416666666669,161.92331250071953,173.75,540.0,133.91666666666666,207.83810785804943,167.25,729.0,76.25625000000001,8.926095051720004,60.0,69.94999999999999,median
9.3,143.0,1.72,251.0,111.8,11.416666666666666,4.810597049393266,8.73125,0.0,0.0,0.0,0.45,62.3,240.875,353.77309149503924,662.0,828.0,183.54166666666663,239.8600618918876,389.75,649.0,236.6458333333333,328.05731368745586,502.25,888.0,70.72291666666666,15.70238270757134,44.8,56.3,median
10.3,143.0,1.72,251.0,111.8,4.729166666666667,3.506263392662252,0.575,0.0,0.0,0.0,0.0,20.9,342.4375,416.0355873348794,823.5,942.0,214.1875,278.0415288321497,476.0,727.0,283.625,373.5668002584265,634.75,979.0,50.31458333333333,11.651709573831129,35.7,43.075,median
10.6,143.0,1.72,251.0,111.8,5.5625,4.389704266360012,0.0020833333333333,0.0,0.0,0.0,0.0,0.1,371.0625,405.58011163067965,837.25,924.0,238.9583333333333,297.7748655736005,517.75,771.0,304.2291666666667,379.3432448707608,651.75,988.0,54.08125,14.660824765388153,33.8,41.075,median
10.5,143.0,1.72,251.0,111.8,15.0,5.734677394823099,0.3979166666666667,0.0,0.0,0.0,0.0,14.7,362.4166666666667,383.9004556397732,778.0,887.0,249.6458333333333,300.28578512514866,526.0,777.0,304.25,374.7859099274436,640.5,975.0,51.01875,17.72729143727625,26.6,33.75,median
9.3,143.0,1.72,251.0,111.8,15.1875,5.044439041977506,11.95,0.0,0.0,0.0,21.325,54.8,300.9166666666667,355.3415398304539,668.25,872.0,253.79166666666663,302.834408675788,484.75,802.0,294.2291666666667,363.90209342526566,537.25,979.0,51.77291666666667,15.945964689965198,32.2,37.8,median
10.4,143.0,1.72,251.0,111.8,15.541666666666666,4.253857240016373,6.708333333333333,0.0,0.0,0.0,6.25,36.4,385.4583333333333,386.30546607648114,802.75,893.0,276.5833333333333,318.6012537094734,588.0,831.0,318.6458333333333,382.08523553823966,670.0,996.0,45.59583333333333,14.871689988719082,25.2,31.75,median
5.8,143.0,1.72,251.0,111.8,13.8125,1.878277277697543,44.43263157894737,1.3,26.3,38.0,58.05,92.0,72.25,185.8038888354681,27.25,789.0,151.10416666666666,207.02298734013584,239.0,725.0,158.02083333333334,222.88427550178915,230.0,827.0,72.10833333333333,12.93678277777963,54.2,63.625,median
9.4,143.0,1.72,251.0,111.8,14.333333333333334,3.9477415214990175,32.73125,0.0,5.6000000000000005,31.4,58.85,85.2,245.2083333333333,308.91890820079567,540.75,871.0,256.2708333333333,293.080755669784,426.5,819.0,272.7916666666667,332.4443935798813,427.75,949.0,60.9125,15.556584972059508,38.1,44.55,median
7.9,143.0,1.72,251.0,111.8,11.020833333333334,3.953631959826162,50.56041666666667,0.0,27.725,47.6,61.475,85.4,118.1875,221.86162605782303,94.75,778.0,202.625,249.8668262316225,423.25,762.0,209.2083333333333,266.72297831855536,415.75,859.0,65.1125,12.335452963823208,42.3,46.925,median
8.9,143.0,1.72,251.0,111.8,19.104166666666668,5.020127926374299,3.4250000000000003,0.0,0.0,0.0,2.65,27.1,417.8541666666667,393.72735778645546,829.75,900.0,325.2083333333333,347.62794981037086,669.0,892.0,343.6666666666667,390.29791994328735,713.75,1013.0,57.85416666666666,18.51235917909672,36.4,40.025,median
9.6,143.0,1.72,251.0,111.8,16.4375,4.307135758217554,5.43125,0.0,0.0,0.0,5.5,52.2,385.4583333333333,376.36393034850704,776.5,898.0,327.8333333333333,347.4746789080746,673.0,900.0,340.6666666666667,383.4289859074853,707.0,1012.0,50.65,18.490345261995564,29.5,33.0,median
6.7,143.0,1.72,251.0,111.8,16.6875,4.268420655654386,39.46666666666667,0.0,16.95,35.95,56.5,89.2,161.22916666666666,247.83644568960543,205.75,788.0,235.47916666666663,250.3534513853711,445.25,739.0,232.1458333333333,257.8775884418174,438.75,790.0,57.09791666666666,12.716413138954213,32.3,40.075,median
7.8,143.0,1.72,251.0,111.8,15.520833333333334,2.5137035771464498,35.827083333333334,0.8,25.675,37.0,47.525,84.7,124.79166666666669,200.5317355192305,185.5,660.0,222.4583333333333,238.78769521590684,431.0,744.0,216.375,239.77418454551795,394.5,794.0,75.97916666666667,13.646899084038438,51.8,61.675,median
5.2,143.0,1.72,251.0,111.8,17.25,2.819637318863737,55.08958333333334,0.1,41.625,58.95,66.6,88.6,51.25,138.74153223154718,0.25,655.0,166.35416666666666,184.38808975051492,272.75,557.0,163.875,179.59113828458965,253.25,550.0,76.59166666666667,14.46162183870377,55.1,61.125,median
8.2,143.0,1.72,251.0,111.8,21.625,4.312278363098912,12.958333333333334,0.0,0.0,0.0,25.85,61.3,435.8958333333333,386.7929697117564,825.0,899.0,346.3125,355.80608151329284,694.5,913.0,351.4375,388.8721775580293,719.75,1007.0,62.16875,17.325247022688107,38.1,45.7,median
7.0,143.0,1.72,251.0,111.8,19.9375,3.2337290464878614,24.579166666666666,0.0,3.9,23.95,35.325,82.4,186.72916666666663,270.11524251250364,344.0,807.0,234.7083333333333,246.3377683167784,437.0,854.0,227.1458333333333,253.5474237678048,410.75,935.0,66.86105263157894,16.4986489345845,45.0,51.575,median
8.4,143.0,1.72,251.0,111.8,20.625,3.218959789692873,21.175,0.0,0.0,15.2,36.65,66.8,298.2916666666667,343.9364091603261,578.5,881.0,297.5833333333333,318.1595901787262,617.75,876.0,299.2083333333333,341.25363116037585,622.75,971.0,53.41666666666666,17.24174679221362,29.6,34.150000000000006,median
8.4,143.0,1.72,251.0,111.8,19.854166666666668,4.573280399999688,29.49375,0.0,0.0,23.85,50.85,81.8,198.8125,301.5030895893356,403.0,812.0,261.2083333333333,300.69118662892674,506.5,863.0,268.6041666666667,322.3741542081475,494.0,958.0,55.80833333333334,15.357373855499793,27.3,33.1,median
8.7,143.0,1.72,251.0,111.8,22.375,4.877897393213943,16.037499999999998,0.0,0.0,7.8,28.525,63.5,316.7291666666667,343.6541271848858,701.0,860.0,296.1666666666667,320.60556619936307,540.5,877.0,303.3125,355.3350325711503,548.75,986.0,48.23333333333333,15.010290648572076,24.2,30.45,median
8.3,143.0,1.72,251.0,111.8,24.125,5.107184482014856,9.891666666666667,0.0,0.0,0.0,9.925,76.2,440.6875,384.82812722045145,831.0,878.0,316.1875,334.1298420222104,646.5,857.0,331.4166666666667,377.80406006476215,696.5,976.0,47.14166666666667,15.774349493730458,20.7,27.875,median
8.6,143.0,1.72,251.0,111.8,22.27083333333333,5.031637495540079,3.65,0.0,0.0,0.0,0.0,35.6,402.5,376.5214808373021,791.0,858.0,295.8958333333333,323.33983437384853,610.0,831.0,321.25,371.9916780126113,672.5,965.0,54.77291666666667,17.68940009967903,29.6,37.35,median
7.6,143.0,1.72,251.0,111.8,26.729166666666668,4.442251601471955,32.081250000000004,0.0,4.375,25.5,44.675,76.2,194.3958333333333,295.2764114032912,367.0,779.0,225.54166666666663,270.6719737540008,404.75,797.0,242.72916666666663,305.77134688851106,414.25,928.0,55.864583333333336,14.704732044602038,32.4,42.400000000000006,median
6.9,143.0,1.72,251.0,111.8,21.916666666666668,4.423051720794444,32.84791666666667,0.0,0.4499999999999999,23.0,59.225,93.1,208.2083333333333,288.32184722745603,403.0,835.0,214.375,272.6715536180521,397.75,779.0,238.25,318.6546158215776,409.5,936.0,65.43124999999999,17.750840056037777,40.0,46.2,median
6.6,143.0,1.72,251.0,111.8,18.375,2.421827456065017,39.69791666666666,0.0,17.099999999999998,41.150000000000006,62.025,88.1,92.0,183.1284864601668,77.75,751.0,172.54166666666666,203.24469059564424,335.25,588.0,179.39583333333334,222.3413281947472,342.5,680.0,59.6875,12.506610308890243,40.1,47.35,median
6.0,143.0,1.72,251.0,111.8,16.4375,2.8309334851181367,40.04375,0.0,11.775,50.7,58.725,78.6,65.625,191.49808343021817,3.25,799.0,140.1875,202.32990294976068,243.0,691.0,151.91666666666666,236.54101649031085,236.75,862.0,68.08125,14.20119348071125,47.5,51.375,median
9.2,143.0,1.72,251.0,111.8,18.95833333333333,4.574007275157254,4.385416666666667,0.0,0.0,0.0,1.75,42.5,263.2291666666667,332.59493125703574,638.75,796.0,210.9583333333333,264.3047349326179,461.0,698.0,260.8333333333333,333.5438282630042,571.0,892.0,59.59583333333333,18.590804559899965,33.6,40.45,median
9.4,143.0,1.72,251.0,111.8,20.979166666666668,4.634466543394609,8.875,0.0,0.0,0.0,10.6,52.4,293.5,342.97155765704844,683.0,789.0,202.85416666666663,256.84807907973607,438.5,669.0,260.75,335.00704978291924,562.0,876.0,59.17083333333333,14.786161346877234,34.6,45.8,median
5.7,143.0,1.72,251.0,111.8,18.14583333333333,1.988330316322848,51.875,0.0,36.625,58.55,69.625,93.3,100.27083333333331,200.23270925253428,43.75,679.0,128.79166666666666,173.2804832822347,238.5,521.0,146.75,204.5579041988179,281.5,650.0,71.17291666666667,12.559909624962833,51.3,61.525,median
4.5,143.0,1.72,251.0,111.8,12.208333333333334,2.5424503439398336,56.32916666666666,0.0,27.55,58.400000000000006,76.55000000000001,95.7,75.625,171.0148214305888,48.75,685.0,107.79166666666669,135.83108872095727,124.0,419.0,119.02083333333331,153.09745048161852,132.75,496.0,83.5625,9.395145022829611,67.5,73.1,median
2.9,143.0,1.72,251.0,111.8,12.770833333333334,1.8041274585030909,65.08749999999999,9.6,52.975,67.8,81.75,93.5,18.95833333333333,83.33091131232061,0.0,553.0,71.79166666666667,103.0591112313774,129.5,436.0,72.5625,118.1479249959603,140.5,593.0,79.34375,8.19184180530365,66.3,73.4,median
2.9,143.0,1.72,251.0,111.8,8.020833333333334,1.8637071270237584,46.88125,11.9,35.425,46.9,68.1,88.7,3.25,16.511118111036446,0.0,104.0,63.10416666666666,87.57689377167378,104.0,314.0,61.54166666666666,85.70755778222193,101.0,319.0,87.88958333333333,6.607611329540313,75.4,82.15,median
12.7,143.0,1.72,251.0,111.8,13.0625,2.179754524535743,61.90833333333333,1.0,46.225,61.2,79.8,95.4,49.5,139.2172583965831,0.0,543.0,82.29166666666667,122.26444279360702,108.75,387.0,96.45833333333331,150.8102878049154,104.5,517.0,79.21458333333334,10.63210692642974,60.7,67.64999999999999,median
10.5,143.0,1.72,251.0,111.8,11.979166666666666,1.4945230981086042,65.72708333333334,22.4,52.8,65.9,81.55,96.9,12.208333333333334,35.388998370591935,0.0,164.0,57.375,88.80090688630261,111.0,309.0,60.0625,96.10043643490242,107.0,376.0,82.15833333333333,6.547071444817602,64.6,75.825,median
4.9,143.0,1.72,251.0,111.8,7.666666666666667,1.8535714041694256,52.38333333333333,0.0,27.925,55.9,74.175,94.2,2.020833333333333,8.257786997694405,0.0,44.0,47.6875,70.93273896760795,95.5,188.0,46.5625,68.38654410696317,92.25,181.0,84.28333333333333,7.880184041754022,68.1,76.4,median
4.8,143.0,1.72,251.0,111.8,9.583333333333334,2.52636803751807,53.23125,0.0,39.975,53.05,67.4,90.3,5.6875,19.63296863560905,0.0,90.0,43.270833333333336,67.44895627159592,87.25,213.0,42.020833333333336,66.25048842319622,86.25,225.0,85.07708333333333,6.808372179720258,75.2,82.325,median
24.9,143.0,1.72,251.0,111.8,8.75,2.348607554873421,41.56666666666667,0.0,19.0,42.85,52.35,77.4,87.9375,205.84679694388427,8.0,727.0,57.60416666666666,93.11094722377064,109.5,298.0,86.125,154.51900747226136,128.5,519.0,82.65416666666667,9.01704625844574,64.2,77.175,median
8.5,143.0,1.72,251.0,111.8,3.5416666666666665,2.1403544148753952,51.02916666666667,0.0,42.075,58.75,64.125,80.7,30.08333333333333,84.90040055373353,0.0,343.0,38.47916666666666,61.61997105917313,70.0,200.0,40.8125,79.51064594850764,67.75,336.0,87.7625,6.890241004441772,75.6,82.875,median
7.0,143.0,1.72,251.0,111.8,1.918367346938776,0.9964475909040272,62.55,22.6,55.95,65.0,79.7,94.2,2.145833333333333,11.30616398128168,0.0,73.0,32.25,51.79316475070448,44.75,169.0,32.5625,58.21124635435716,42.75,197.0,85.46458333333334,4.8380798715990245,75.2,80.675,median
1.3,143.0,1.72,251.0,111.8,2.25,1.189306669707157,65.46875,19.4,59.95,64.6,76.7,92.5,0.0208333333333333,0.1443375672974064,0.0,1.0,23.0,40.357445462458585,33.5,128.0,22.25,39.03598994054458,32.5,124.0,91.5375,3.156670720151384,85.6,88.4,median
6.5,143.0,1.72,251.0,111.8,6.270833333333333,1.4536271581439375,53.177083333333336,0.0,37.125,56.1,72.325,93.8,8.770833333333334,35.60972828072338,0.0,225.0,32.041666666666664,53.6649004709148,51.5,170.0,34.979166666666664,57.87311490733857,64.5,224.0,91.38125,4.457286945541367,84.2,89.9,median
1.6,143.0,1.72,251.0,111.8,7.458333333333333,1.254071383718245,69.12916666666666,4.7,58.125,75.85,83.875,95.1,0.75,5.196152422706633,0.0,36.0,22.08333333333333,42.17331683045892,31.25,172.0,21.729166666666668,42.16469208787428,30.0,184.0,86.1125,4.558282442958891,80.2,82.6,median
4.4,143.0,1.72,251.0,111.8,3.6875,1.0465664902144136,63.50416666666666,13.8,48.3,69.25,83.42500000000001,95.9,4.25,19.47775599814835,0.0,121.0,25.25,45.70005121278381,45.0,150.0,27.9375,45.99442997420974,43.75,145.0,85.55624999999999,4.057874207649415,76.8,81.25,median
3.55,143.0,1.72,251.0,111.8,1.6041666666666665,1.1101481535545756,61.625,22.349999999999998,53.9125,61.824999999999996,69.9625,90.3,16.177083333333332,51.73057130490111,0.0,293.5,29.4375,51.02264781333414,49.25,174.0,35.229166666666664,66.70409330740884,52.125,270.5,89.31979166666667,5.5565557988392875,79.0,85.3625,median
1.2,143.0,1.72,251.0,111.8,1.1041666666666667,0.5649326828660319,62.13541666666666,30.9,55.05,58.0,69.925,82.0,0.0,0.0,0.0,0.0,18.416666666666668,31.31027520373038,36.0,123.0,17.770833333333332,30.174837751566013,34.25,119.0,90.0,5.682662680631672,79.6,84.625,median
20.8,143.0,1.72,251.0,111.8,-1.5,1.8334945125796192,52.57916666666667,0.0,32.225,58.150000000000006,64.39999999999999,83.0,50.083333333333336,94.66907414404548,0.0,287.0,46.375,86.74629797729675,57.5,254.0,65.39583333333333,128.4002617454967,55.5,367.0,87.55,6.651027756126556,72.1,84.675,median
6.9,143.0,1.72,251.0,111.8,3.5416666666666665,1.332723708151657,69.48125,19.7,57.15,69.55000000000001,88.75,96.4,1.2291666666666667,6.147961375774425,0.0,39.0,28.375,48.07547534645117,44.75,183.0,30.166666666666668,47.52093603562673,42.75,181.0,79.08333333333333,7.417981495534021,70.6,73.2,median
7.2,143.0,1.72,251.0,111.8,2.0416666666666665,1.071057010885684,69.27083333333333,21.0,52.875,69.30000000000001,83.125,94.2,7.520833333333333,32.44634824112564,0.0,168.0,33.770833333333336,60.45122513702576,55.5,209.0,37.4375,70.96115396708558,53.25,279.0,85.66250000000001,4.954758082850714,82.2,83.3,median
1.3,143.0,1.72,251.0,111.8,8.0625,1.3112646161690715,67.72500000000001,29.9,61.075,69.1,80.27499999999999,93.8,0.0,0.0,0.0,0.0,26.89583333333333,42.06946615146789,59.75,127.0,25.916666666666668,40.51521034751698,57.5,122.0,91.90625,3.435102484353877,87.1,89.52499999999999,median
7.8,143.0,1.72,251.0,111.8,-5.291666666666667,1.482611984934811,58.90208333333334,1.7,45.275,58.900000000000006,68.95,84.7,0.8333333333333334,4.632601095259706,0.0,31.0,38.10416666666666,59.37735064402541,82.0,206.0,36.6875,57.17466938381836,79.0,198.0,77.49374999999999,6.060680157509665,72.9,76.1,median
26.6,143.0,1.72,251.0,111.8,7.166666666666667,3.767865245817358,41.65416666666667,0.0,17.8,42.6,62.5,92.5,143.85416666666666,252.26267461427204,225.5,764.0,101.89583333333331,155.02686652310183,195.5,458.0,149.02083333333334,233.05103902531764,271.0,712.0,75.76458333333333,10.183925372512697,57.0,64.25,median
49.0,143.0,1.72,251.0,111.8,9.166666666666666,4.756294821132507,4.14375,0.0,0.0,0.0,0.0,40.2,111.89583333333331,164.6063310981344,237.75,511.0,110.10416666666669,159.78858899733382,228.25,457.0,146.375,216.06220784666263,296.75,647.0,71.44583333333334,13.851720935405115,46.9,56.7,median
62.2,143.0,1.72,251.0,111.8,5.578947368421052,3.386390680942119,13.577083333333334,0.0,0.0,0.0,9.6,79.7,301.8541666666667,375.22338551200096,727.75,886.0,154.5625,214.07693051996768,339.0,572.0,236.5208333333333,321.0699867684752,523.5,852.0,70.09791666666666,13.494405492345216,48.1,57.8,median
30.2,143.0,1.72,251.0,111.8,6.583333333333333,2.981027477681988,45.93333333333334,0.0,27.25,46.0,63.325,91.5,85.79166666666667,190.48660625650447,51.0,800.0,117.79166666666669,171.06001912148838,241.5,593.0,138.79166666666666,218.43612030175385,261.0,826.0,69.79375,9.57819627965678,52.2,59.975,median
20.6,143.0,1.72,251.0,111.8,4.083333333333333,1.611131490863196,42.86875,0.0,19.325,52.95,68.425,89.1,36.79166666666666,116.4749919891186,0.0,678.0,101.25,143.75932902198403,170.0,589.0,108.52083333333331,166.14963642571465,187.0,786.0,82.42708333333333,6.482110884952732,71.3,73.45,median
27.0,143.0,1.72,251.0,111.8,7.354166666666667,2.5843912269980334,28.285416666666663,0.0,9.425,29.85,45.875,77.9,82.5,226.74064291374003,5.5,850.0,130.75,179.88548366681107,249.25,634.0,144.8125,217.59875784317708,241.0,832.0,67.47500000000001,15.037640568428554,44.2,52.5,median
57.3,143.0,1.72,251.0,111.8,12.1875,5.8157282463558255,7.435416666666666,0.0,0.0,0.0,10.825,46.2,341.4791666666667,385.2084214104513,774.0,894.0,223.7708333333333,279.14117831140214,480.25,731.0,286.4375,363.8402875931781,614.0,948.0,55.04583333333333,16.462006547637742,32.5,40.825,median
32.6,143.0,1.72,251.0,111.8,5.229166666666667,3.3916877950794326,39.84375,0.0,18.15,41.5,61.8,81.4,87.04166666666667,191.78267380457288,13.75,743.0,154.89583333333334,205.9567440211692,312.25,669.0,167.3125,233.7230727464504,305.5,821.0,57.66458333333333,11.873051911877068,40.4,48.375,median
32.7,143.0,1.72,251.0,111.8,4.770833333333333,3.38639068094212,29.21875,0.0,0.875,34.55,47.05,62.4,186.91666666666663,306.09078289926754,360.75,849.0,177.45833333333334,224.70756015019268,373.0,741.0,193.0,262.9507679832457,376.0,902.0,64.83125,16.307731599737522,42.1,51.150000000000006,median
48.8,143.0,1.72,251.0,111.8,10.270833333333334,4.853848001898278,9.379166666666666,0.0,0.0,1.0,14.85,54.0,312.4583333333333,359.1691351464432,681.0,887.0,262.1875,306.75609940354343,537.5,831.0,296.3541666666667,366.93132292662193,590.25,1001.0,60.03333333333333,17.46066691694213,33.9,42.675,median
32.2,143.0,1.72,251.0,111.8,11.0,4.101061530111303,30.70833333333333,0.0,0.0,11.05,63.175,88.1,229.0,346.81032893401425,518.5,894.0,230.7708333333333,293.81570715246585,429.75,837.0,252.9583333333333,338.8368061555205,435.25,992.0,57.3875,12.56461525678172,30.6,36.35,median
28.0,143.0,1.72,251.0,111.8,9.083333333333334,2.0472044595718284,34.05714285714286,0.0,8.9,31.8,59.95,86.2,159.10416666666666,269.46094649206066,290.0,866.0,213.2708333333333,244.0211448807996,354.0,738.0,220.7083333333333,264.1562205689055,349.0,833.0,64.77083333333333,14.178563631999776,48.3,52.05,median
14.7,143.0,1.72,251.0,111.8,12.354166666666666,2.25491975923033,49.395833333333336,0.0,29.1,49.1,67.75,92.1,31.95833333333333,92.82377683599871,0.25,409.0,115.91666666666669,133.21526964794947,201.5,593.0,111.95833333333331,135.31035870826324,189.25,638.0,77.26041666666667,12.445485203492654,56.3,67.025,median
21.7,143.0,1.72,251.0,111.8,12.25,2.190303421449684,49.53958333333333,4.7,39.05,48.8,62.3,77.7,62.625,174.59041734811004,18.75,703.0,174.8125,206.62421778650852,306.75,652.0,177.41666666666666,210.52309049414427,295.75,701.0,78.70833333333333,10.495500555709269,58.8,66.575,median
25.7,143.0,1.72,251.0,111.8,12.104166666666666,3.063092466934831,35.24583333333333,0.0,18.525,35.15,56.225,79.5,134.77083333333334,201.44280003116805,157.5,813.0,211.5,223.50762755321816,378.5,790.0,207.625,231.81142602133005,366.5,867.0,70.57291666666667,15.201413124867951,46.9,52.3,median
